,cond_vol
2020-01-03 00:00:00+00:00,3.5466322566438007
2020-01-04 00:00:00+00:00,3.786159708201807
2020-01-05 00:00:00+00:00,3.5748731715469573
2020-01-06 00:00:00+00:00,3.3832785326363033
2020-01-07 00:00:00+00:00,3.652626703806866
2020-01-08 00:00:00+00:00,3.8070553233631186
2020-01-09 00:00:00+00:00,3.6222666784083914
2020-01-10 00:00:00+00:00,3.600426622906139
2020-01-11 00:00:00+00:00,3.744712515865863
2020-01-12 00:00:00+00:00,3.632169684075968
2020-01-13 00:00:00+00:00,3.4915185276880956
2020-01-14 00:00:00+00:00,3.330175336074237
2020-01-15 00:00:00+00:00,4.20564626258966
2020-01-16 00:00:00+00:00,3.956901754073195
2020-01-17 00:00:00+00:00,3.7598545532019596
2020-01-18 00:00:00+00:00,3.6153860071464297
2020-01-19 00:00:00+00:00,3.420222682701983
2020-01-20 00:00:00+00:00,3.368415842130568
2020-01-21 00:00:00+00:00,3.2108337094763435
2020-01-22 00:00:00+00:00,3.067833520165096
2020-01-23 00:00:00+00:00,2.9385295421844364
2020-01-24 00:00:00+00:00,3.051455496670378
2020-01-25 00:00:00+00:00,2.910553038616562
2020-01-26 00:00:00+00:00,2.823904238771367
2020-01-27 00:00:00+00:00,2.898398701671858
2020-01-28 00:00:00+00:00,2.973411561926266
2020-01-29 00:00:00+00:00,3.3009404937836657
2020-01-30 00:00:00+00:00,3.1534561603637408
2020-01-31 00:00:00+00:00,3.082265681424164
2020-02-01 00:00:00+00:00,3.0106130869361136
2020-02-02 00:00:00+00:00,2.8733529797572124
2020-02-03 00:00:00+00:00,2.7629474384583586
2020-02-04 00:00:00+00:00,2.659932113789307
2020-02-05 00:00:00+00:00,2.594512071142189
2020-02-06 00:00:00+00:00,2.887908543930165
2020-02-07 00:00:00+00:00,2.80658658498222
2020-02-08 00:00:00+00:00,2.6908937627635776
2020-02-09 00:00:00+00:00,2.5949463837236357
2020-02-10 00:00:00+00:00,2.6279300216410646
2020-02-11 00:00:00+00:00,2.761651216807208
2020-02-12 00:00:00+00:00,2.9082891764584913
2020-02-13 00:00:00+00:00,2.794371872470225
2020-02-14 00:00:00+00:00,2.7084752827264547
2020-02-15 00:00:00+00:00,2.6205091041420148
2020-02-16 00:00:00+00:00,2.971722203583293
2020-02-17 00:00:00+00:00,2.838243953415493
2020-02-18 00:00:00+00:00,2.8379721882963436
2020-02-19 00:00:00+00:00,3.11176988315866
2020-02-20 00:00:00+00:00,3.611903262223217
2020-02-21 00:00:00+00:00,3.417080109792484
2020-02-22 00:00:00+00:00,3.2469198897067466
2020-02-23 00:00:00+00:00,3.0905753073270144
2020-02-24 00:00:00+00:00,3.088140243537615
2020-02-25 00:00:00+00:00,3.1276102795210545
2020-02-26 00:00:00+00:00,3.2534161871208465
2020-02-27 00:00:00+00:00,3.733540298029675
2020-02-28 00:00:00+00:00,3.527689531788597
2020-02-29 00:00:00+00:00,3.3911724289244316
2020-03-01 00:00:00+00:00,3.3030091643759474
2020-03-02 00:00:00+00:00,3.136967753833334
2020-03-03 00:00:00+00:00,3.3151563046866803
2020-03-04 00:00:00+00:00,3.2200133936709436
2020-03-05 00:00:00+00:00,3.0637270888132337
2020-03-06 00:00:00+00:00,3.121223229625444
2020-03-07 00:00:00+00:00,2.9806025331875614
2020-03-08 00:00:00+00:00,3.020370201242361
2020-03-09 00:00:00+00:00,4.571748622096188
2020-03-10 00:00:00+00:00,4.322629557224905
2020-03-11 00:00:00+00:00,4.069944296280191
2020-03-12 00:00:00+00:00,3.8343413888741544
2020-03-13 00:00:00+00:00,17.746357932619087
2020-03-14 00:00:00+00:00,17.227645140579657
2020-03-15 00:00:00+00:00,16.198469399171326
2020-03-16 00:00:00+00:00,15.067823368183264
2020-03-17 00:00:00+00:00,14.16084608972793
2020-03-18 00:00:00+00:00,13.262118318867278
2020-03-19 00:00:00+00:00,12.313977329545674
2020-03-20 00:00:00+00:00,12.288775924774386
2020-03-21 00:00:00+00:00,11.407235949870504
2020-03-22 00:00:00+00:00,10.592452843820178
2020-03-23 00:00:00+00:00,10.080876495084217
2020-03-24 00:00:00+00:00,10.025083377353251
2020-03-25 00:00:00+00:00,9.413688810182878
2020-03-26 00:00:00+00:00,8.75855611440542
2020-03-27 00:00:00+00:00,8.146922035543861
2020-03-28 00:00:00+00:00,7.854884604547147
2020-03-29 00:00:00+00:00,7.34744846978977
2020-03-30 00:00:00+00:00,7.154772058917064
2020-03-31 00:00:00+00:00,7.230068458751281
2020-04-01 00:00:00+00:00,6.7336690420219165
2020-04-02 00:00:00+00:00,6.381168621082144
2020-04-03 00:00:00+00:00,5.99290521922741
2020-04-04 00:00:00+00:00,5.607595612565009
2020-04-05 00:00:00+00:00,5.269249344286579
2020-04-06 00:00:00+00:00,4.955350656145457
2020-04-07 00:00:00+00:00,5.343688881775314
2020-04-08 00:00:00+00:00,5.04753100814693
2020-04-09 00:00:00+00:00,4.778479738076171
2020-04-10 00:00:00+00:00,4.501865578194605
2020-04-11 00:00:00+00:00,4.738909660461815
2020-04-12 00:00:00+00:00,4.4441426044288725
2020-04-13 00:00:00+00:00,4.174981764514517
2020-04-14 00:00:00+00:00,3.9495710109946263
2020-04-15 00:00:00+00:00,3.7242681340700234
2020-04-16 00:00:00+00:00,3.7640362403353054
2020-04-17 00:00:00+00:00,4.254557111426525
2020-04-18 00:00:00+00:00,4.025184251802333
2020-04-19 00:00:00+00:00,3.919771355660859
2020-04-20 00:00:00+00:00,3.759554375044984
2020-04-21 00:00:00+00:00,3.864252903022431
2020-04-22 00:00:00+00:00,3.6457540984332315
2020-04-23 00:00:00+00:00,3.692883061758651
2020-04-24 00:00:00+00:00,3.843249011495762
2020-04-25 00:00:00+00:00,3.6267675220379925
2020-04-26 00:00:00+00:00,3.4308795157998655
2020-04-27 00:00:00+00:00,3.3116228491381094
2020-04-28 00:00:00+00:00,3.157689931688181
2020-04-29 00:00:00+00:00,3.0144812263065117
2020-04-30 00:00:00+00:00,5.143506242861402
2020-05-01 00:00:00+00:00,4.865642076955951
2020-05-02 00:00:00+00:00,4.620160357104194
2020-05-03 00:00:00+00:00,4.36271012306568
2020-05-04 00:00:00+00:00,4.1172186908742
2020-05-05 00:00:00+00:00,3.8794589620209328
2020-05-06 00:00:00+00:00,3.693890375975488
2020-05-07 00:00:00+00:00,3.5120112492489417
2020-05-08 00:00:00+00:00,4.4542616762593354
2020-05-09 00:00:00+00:00,4.245771713203203
2020-05-10 00:00:00+00:00,4.117195435295391
2020-05-11 00:00:00+00:00,4.997590329056335
2020-05-12 00:00:00+00:00,4.73554751306126
2020-05-13 00:00:00+00:00,4.5340097818266285
2020-05-14 00:00:00+00:00,4.629535027135388
2020-05-15 00:00:00+00:00,4.652291854352492
2020-05-16 00:00:00+00:00,4.716834180128354
2020-05-17 00:00:00+00:00,4.426966795907347
2020-05-18 00:00:00+00:00,4.2784964516181345
2020-05-19 00:00:00+00:00,4.024960934716634
2020-05-20 00:00:00+00:00,3.7927550464964868
2020-05-21 00:00:00+00:00,3.722354974421644
2020-05-22 00:00:00+00:00,3.9126898062031326
2020-05-23 00:00:00+00:00,3.7026778234899806
2020-05-24 00:00:00+00:00,3.499103555664019
2020-05-25 00:00:00+00:00,3.7903111628972828
2020-05-26 00:00:00+00:00,3.6333552922897923
2020-05-27 00:00:00+00:00,3.449346912241209
2020-05-28 00:00:00+00:00,3.5218720422768186
2020-05-29 00:00:00+00:00,3.5751687883035577
2020-05-30 00:00:00+00:00,3.438303563487704
2020-05-31 00:00:00+00:00,3.3810588759690057
2020-06-01 00:00:00+00:00,3.351121272161616
2020-06-02 00:00:00+00:00,4.084589839901541
2020-06-03 00:00:00+00:00,4.565074026632223
2020-06-04 00:00:00+00:00,4.309434401016754
2020-06-05 00:00:00+00:00,4.067493146955845
2020-06-06 00:00:00+00:00,3.88893311265258
2020-06-07 00:00:00+00:00,3.669235541703061
2020-06-08 00:00:00+00:00,3.4749641061106074
2020-06-09 00:00:00+00:00,3.2926690412555293
2020-06-10 00:00:00+00:00,3.1292218085687895
2020-06-11 00:00:00+00:00,2.9969572466227308
2020-06-12 00:00:00+00:00,3.6374953828109247
2020-06-13 00:00:00+00:00,3.4923273473470346
2020-06-14 00:00:00+00:00,3.308333678343074
2020-06-15 00:00:00+00:00,3.19007346990304
2020-06-16 00:00:00+00:00,3.0436812880750193
2020-06-17 00:00:00+00:00,2.9169807628467526
2020-06-18 00:00:00+00:00,2.8043033076421295
2020-06-19 00:00:00+00:00,2.712164731074967
2020-06-20 00:00:00+00:00,2.62946388925764
2020-06-21 00:00:00+00:00,2.5338394315026105
2020-06-22 00:00:00+00:00,2.4662700560409143
2020-06-23 00:00:00+00:00,2.7389161567284708
2020-06-24 00:00:00+00:00,2.645430998132335
2020-06-25 00:00:00+00:00,2.844719524687067
2020-06-26 00:00:00+00:00,2.735423072384607
2020-06-27 00:00:00+00:00,2.6566326900126893
2020-06-28 00:00:00+00:00,2.635592366986379
2020-06-29 00:00:00+00:00,2.5574547751604655
2020-06-30 00:00:00+00:00,2.4766302299224265
2020-07-01 00:00:00+00:00,2.4116914295612273
2020-07-02 00:00:00+00:00,2.354371362368664
2020-07-03 00:00:00+00:00,2.3702495629551037
2020-07-04 00:00:00+00:00,2.308650849871304
2020-07-05 00:00:00+00:00,2.257636674243816
2020-07-06 00:00:00+00:00,2.22589262512651
2020-07-07 00:00:00+00:00,2.3739534730062934
2020-07-08 00:00:00+00:00,2.338472891179617
2020-07-09 00:00:00+00:00,2.347142501335189
2020-07-10 00:00:00+00:00,2.4257616458450975
2020-07-11 00:00:00+00:00,2.3544023281639115
2020-07-12 00:00:00+00:00,2.3041031101636884
2020-07-13 00:00:00+00:00,2.2503799120404633
2020-07-14 00:00:00+00:00,2.2158540499823802
2020-07-15 00:00:00+00:00,2.1655860268196476
2020-07-16 00:00:00+00:00,2.141293951917353
2020-07-17 00:00:00+00:00,2.123446824889533
2020-07-18 00:00:00+00:00,2.084460210144567
2020-07-19 00:00:00+00:00,2.05045431925637
2020-07-20 00:00:00+00:00,2.021993800568236
2020-07-21 00:00:00+00:00,2.012214720485966
2020-07-22 00:00:00+00:00,2.133718649703208
2020-07-23 00:00:00+00:00,2.1298738228027188
2020-07-24 00:00:00+00:00,2.102922169738156
2020-07-25 00:00:00+00:00,2.0896121403635894
2020-07-26 00:00:00+00:00,2.116656232397205
2020-07-27 00:00:00+00:00,2.205017508789365
2020-07-28 00:00:00+00:00,4.1415830032893615
2020-07-29 00:00:00+00:00,3.925696754259917
2020-07-30 00:00:00+00:00,3.7398917645544407
2020-07-31 00:00:00+00:00,3.533526224878538
2020-08-01 00:00:00+00:00,3.4078140951647593
2020-08-02 00:00:00+00:00,3.4874792175845286
2020-08-03 00:00:00+00:00,4.009248951918113
2020-08-04 00:00:00+00:00,3.7972297395014585
2020-08-05 00:00:00+00:00,3.5883605646820005
2020-08-06 00:00:00+00:00,3.747054763661179
2020-08-07 00:00:00+00:00,3.5392663688983412
2020-08-08 00:00:00+00:00,3.39874447674682
2020-08-09 00:00:00+00:00,3.2503306881922804
2020-08-10 00:00:00+00:00,3.1044687499887735
2020-08-11 00:00:00+00:00,3.0068756606142752
2020-08-12 00:00:00+00:00,3.2640062748695593
2020-08-13 00:00:00+00:00,3.1328227882614956
2020-08-14 00:00:00+00:00,3.0354965842005326
2020-08-15 00:00:00+00:00,2.8984017122940227
2020-08-16 00:00:00+00:00,2.778973284667358
2020-08-17 00:00:00+00:00,2.6669081707487616
2020-08-18 00:00:00+00:00,2.7455042086251593
2020-08-19 00:00:00+00:00,2.829205586362024
2020-08-20 00:00:00+00:00,2.781865086252336
2020-08-21 00:00:00+00:00,2.676375711031387
2020-08-22 00:00:00+00:00,2.7693280888996834
2020-08-23 00:00:00+00:00,2.6753334234018475
2020-08-24 00:00:00+00:00,2.575278392416779
2020-08-25 00:00:00+00:00,2.493117084124491
2020-08-26 00:00:00+00:00,2.766121452617955
2020-08-27 00:00:00+00:00,2.6777170840678406
2020-08-28 00:00:00+00:00,2.6172687793019342
2020-08-29 00:00:00+00:00,2.5733632526963404
2020-08-30 00:00:00+00:00,2.494967791335882
2020-08-31 00:00:00+00:00,2.499163488734184
2020-09-01 00:00:00+00:00,2.42924095462589
2020-09-02 00:00:00+00:00,2.4617669435189447
2020-09-03 00:00:00+00:00,2.898019757532029
2020-09-04 00:00:00+00:00,4.922732890727134
2020-09-05 00:00:00+00:00,4.7086314851574915
2020-09-06 00:00:00+00:00,4.529977556371202
2020-09-07 00:00:00+00:00,4.259070585047923
2020-09-08 00:00:00+00:00,4.018052115654098
2020-09-09 00:00:00+00:00,3.891991548345266
2020-09-10 00:00:00+00:00,3.6787512667306963
2020-09-11 00:00:00+00:00,3.4918129747361686
2020-09-12 00:00:00+00:00,3.3089361229707714
2020-09-13 00:00:00+00:00,3.14367801944709
2020-09-14 00:00:00+00:00,3.0239603250513687
2020-09-15 00:00:00+00:00,3.065610502596448
2020-09-16 00:00:00+00:00,2.936879336907426
2020-09-17 00:00:00+00:00,2.8441970982712093
2020-09-18 00:00:00+00:00,2.7261906960653293
2020-09-19 00:00:00+00:00,2.6197202152364656
2020-09-20 00:00:00+00:00,2.5523454735284288
2020-09-21 00:00:00+00:00,2.5294610384483285
2020-09-22 00:00:00+00:00,2.974595766371102
2020-09-23 00:00:00+00:00,2.8559384334064544
2020-09-24 00:00:00+00:00,2.9214928783734915
2020-09-25 00:00:00+00:00,3.194149465854274
2020-09-26 00:00:00+00:00,3.0473792118047425
2020-09-27 00:00:00+00:00,2.90675101343073
2020-09-28 00:00:00+00:00,2.780651474744649
2020-09-29 00:00:00+00:00,2.686414062116554
2020-09-30 00:00:00+00:00,2.61130978872113
2020-10-01 00:00:00+00:00,2.53076226880205
2020-10-02 00:00:00+00:00,2.5118912985187074
2020-10-03 00:00:00+00:00,2.438142811084739
2020-10-04 00:00:00+00:00,2.3674639930277492
2020-10-05 00:00:00+00:00,2.322595155826144
2020-10-06 00:00:00+00:00,2.283168165543664
2020-10-07 00:00:00+00:00,2.3303778431849342
2020-10-08 00:00:00+00:00,2.270701422701063
2020-10-09 00:00:00+00:00,2.337915854276105
2020-10-10 00:00:00+00:00,2.294991067634053
2020-10-11 00:00:00+00:00,2.334205942890663
2020-10-12 00:00:00+00:00,2.2750054708282166
2020-10-13 00:00:00+00:00,2.2540313268022114
2020-10-14 00:00:00+00:00,2.234614676388988
2020-10-15 00:00:00+00:00,2.18347961370837
2020-10-16 00:00:00+00:00,2.1452475907290527
2020-10-17 00:00:00+00:00,2.1972032867767224
2020-10-18 00:00:00+00:00,2.1496423631800083
2020-10-19 00:00:00+00:00,2.1372422642924187
2020-10-20 00:00:00+00:00,2.1981954974393667
2020-10-21 00:00:00+00:00,2.184464388356648
2020-10-22 00:00:00+00:00,3.180600699984717
2020-10-23 00:00:00+00:00,3.0561572214828896
2020-10-24 00:00:00+00:00,2.920552331950181
2020-10-25 00:00:00+00:00,2.8241989092209545
2020-10-26 00:00:00+00:00,2.7214769235784226
2020-10-27 00:00:00+00:00,2.613811192120329
2020-10-28 00:00:00+00:00,2.8965395082334613
2020-10-29 00:00:00+00:00,2.95254754747051
2020-10-30 00:00:00+00:00,2.85096780705415
2020-10-31 00:00:00+00:00,2.73640873513924
2020-11-01 00:00:00+00:00,2.6755666022041926
2020-11-02 00:00:00+00:00,2.577031411290123
2020-11-03 00:00:00+00:00,2.55848675325146
2020-11-04 00:00:00+00:00,2.7063478891463735
2020-11-05 00:00:00+00:00,2.609561534340852
2020-11-06 00:00:00+00:00,4.129394126110824
2020-11-07 00:00:00+00:00,3.8884454560697037
2020-11-08 00:00:00+00:00,4.085386962421834
2020-11-09 00:00:00+00:00,4.100270351529208
2020-11-10 00:00:00+00:00,3.88158152359745
2020-11-11 00:00:00+00:00,3.664368741319692
2020-11-12 00:00:00+00:00,3.5520613042955684
2020-11-13 00:00:00+00:00,3.5814483673406263
2020-11-14 00:00:00+00:00,3.388860070850207
2020-11-15 00:00:00+00:00,3.2710005585435793
2020-11-16 00:00:00+00:00,3.1240224900219977
2020-11-17 00:00:00+00:00,3.340976555194823
2020-11-18 00:00:00+00:00,3.656346518797316
2020-11-19 00:00:00+00:00,3.4601619667598578
2020-11-20 00:00:00+00:00,3.278972745838838
2020-11-21 00:00:00+00:00,3.473201054550812
2020-11-22 00:00:00+00:00,3.2907369186707403
2020-11-23 00:00:00+00:00,3.184769091355948
2020-11-24 00:00:00+00:00,3.034214712043416
2020-11-25 00:00:00+00:00,3.205863206067025
2020-11-26 00:00:00+00:00,3.172204243423564
2020-11-27 00:00:00+00:00,4.318767230658888
2020-11-28 00:00:00+00:00,4.061125293912456
2020-11-29 00:00:00+00:00,3.972331685606156
2020-11-30 00:00:00+00:00,3.8323340310691303
2020-12-01 00:00:00+00:00,4.497122628297169
2020-12-02 00:00:00+00:00,4.567698874771541
2020-12-03 00:00:00+00:00,4.34782634845396
2020-12-04 00:00:00+00:00,4.098597518678828
2020-12-05 00:00:00+00:00,4.129387749534289
2020-12-06 00:00:00+00:00,3.975092502630614
2020-12-07 00:00:00+00:00,3.758969202623256
2020-12-08 00:00:00+00:00,3.574577933093199
2020-12-09 00:00:00+00:00,3.751407505452444
2020-12-10 00:00:00+00:00,3.558592208344553
2020-12-11 00:00:00+00:00,3.4230054062909256
2020-12-12 00:00:00+00:00,3.2817389193114175
2020-12-13 00:00:00+00:00,3.404624752634751
2020-12-14 00:00:00+00:00,3.2819906144295357
2020-12-15 00:00:00+00:00,3.1193546379534416
2020-12-16 00:00:00+00:00,2.9775576184756303
2020-12-17 00:00:00+00:00,4.244987255201583
2020-12-18 00:00:00+00:00,4.56174693785683
2020-12-19 00:00:00+00:00,4.299847939223683
2020-12-20 00:00:00+00:00,4.158292558379244
2020-12-21 00:00:00+00:00,3.9604493771859826
2020-12-22 00:00:00+00:00,3.912759902587391
2020-12-23 00:00:00+00:00,3.9984094888251036
2020-12-24 00:00:00+00:00,3.8786152510752365
2020-12-25 00:00:00+00:00,3.7167031370756765
2020-12-26 00:00:00+00:00,3.7526137836323654
2020-12-27 00:00:00+00:00,4.236473154606661
2020-12-28 00:00:00+00:00,4.000301205523964
2020-12-29 00:00:00+00:00,3.888657609651323
2020-12-30 00:00:00+00:00,3.6811962889783487
2020-12-31 00:00:00+00:00,3.8946056732158354
2021-01-01 00:00:00+00:00,3.6734109333119527
2021-01-02 00:00:00+00:00,3.4961673891480753
2021-01-03 00:00:00+00:00,4.545471155344132
2021-01-04 00:00:00+00:00,4.34032500741764
2021-01-05 00:00:00+00:00,4.237523239146211
2021-01-06 00:00:00+00:00,4.4476018123792125
2021-01-07 00:00:00+00:00,4.959085700207555
2021-01-08 00:00:00+00:00,5.1982879125861405
2021-01-09 00:00:00+00:00,4.950407124754617
2021-01-10 00:00:00+00:00,4.664276093671922
2021-01-11 00:00:00+00:00,4.724006187802724
2021-01-12 00:00:00+00:00,5.159967139670143
2021-01-13 00:00:00+00:00,5.033071329257881
2021-01-14 00:00:00+00:00,5.6569903356163485
2021-01-15 00:00:00+00:00,5.500547471615661
2021-01-16 00:00:00+00:00,5.6147458701315704
2021-01-17 00:00:00+00:00,5.305114858155217
2021-01-18 00:00:00+00:00,4.96850374485588
2021-01-19 00:00:00+00:00,4.704976984447638
2021-01-20 00:00:00+00:00,4.4808643270832755
2021-01-21 00:00:00+00:00,4.235691203578231
2021-01-22 00:00:00+00:00,6.29649412062079
2021-01-23 00:00:00+00:00,6.267919206411919
2021-01-24 00:00:00+00:00,5.931281764831678
2021-01-25 00:00:00+00:00,5.5393870803138
2021-01-26 00:00:00+00:00,5.178652211527536
2021-01-27 00:00:00+00:00,4.849409234411689
2021-01-28 00:00:00+00:00,5.129587824408665
2021-01-29 00:00:00+00:00,5.752353283438388
2021-01-30 00:00:00+00:00,5.437221357995151
2021-01-31 00:00:00+00:00,5.084631456561608
2021-02-01 00:00:00+00:00,4.927303655094171
2021-02-02 00:00:00+00:00,4.631705853422619
2021-02-03 00:00:00+00:00,4.727984500301125
2021-02-04 00:00:00+00:00,4.845478642054098
2021-02-05 00:00:00+00:00,4.595955207275569
2021-02-06 00:00:00+00:00,4.467734492909947
2021-02-07 00:00:00+00:00,4.25783613509308
2021-02-08 00:00:00+00:00,4.026345705117658
2021-02-09 00:00:00+00:00,7.155833654405042
2021-02-10 00:00:00+00:00,6.665371460819836
2021-02-11 00:00:00+00:00,6.346266093271065
2021-02-12 00:00:00+00:00,6.341000788025751
2021-02-13 00:00:00+00:00,5.942030924630278
2021-02-14 00:00:00+00:00,5.550625981473828
2021-02-15 00:00:00+00:00,5.27456318680231
2021-02-16 00:00:00+00:00,4.965522916852646
2021-02-17 00:00:00+00:00,4.718709597353515
2021-02-18 00:00:00+00:00,4.838805447543996
2021-02-19 00:00:00+00:00,4.557925439050482
2021-02-20 00:00:00+00:00,5.067790838767049
2021-02-21 00:00:00+00:00,4.746734102262122
2021-02-22 00:00:00+00:00,4.537128227909287
2021-02-23 00:00:00+00:00,4.760293609802116
2021-02-24 00:00:00+00:00,5.703925079242123
2021-02-25 00:00:00+00:00,5.350189817991496
2021-02-26 00:00:00+00:00,5.362350697890339
2021-02-27 00:00:00+00:00,5.059013754780749
2021-02-28 00:00:00+00:00,4.741589973626396
2021-03-01 00:00:00+00:00,4.5191638807517505
2021-03-02 00:00:00+00:00,5.2923085883911964
2021-03-03 00:00:00+00:00,5.0287392924396865
2021-03-04 00:00:00+00:00,4.874131352256889
2021-03-05 00:00:00+00:00,4.793091064658576
2021-03-06 00:00:00+00:00,4.497867708691345
2021-03-07 00:00:00+00:00,4.223681651713986
2021-03-08 00:00:00+00:00,4.20162622979585
2021-03-09 00:00:00+00:00,4.045697337318877
2021-03-10 00:00:00+00:00,4.109008837543529
2021-03-11 00:00:00+00:00,3.9043698643333613
2021-03-12 00:00:00+00:00,3.840177825033451
2021-03-13 00:00:00+00:00,3.6463527641747593
2021-03-14 00:00:00+00:00,4.107450047281626
2021-03-15 00:00:00+00:00,4.094902603404135
2021-03-16 00:00:00+00:00,4.388445272638245
2021-03-17 00:00:00+00:00,4.185770503122211
2021-03-18 00:00:00+00:00,4.095302311570366
2021-03-19 00:00:00+00:00,3.9426615489197134
2021-03-20 00:00:00+00:00,3.7202550895668898
2021-03-21 00:00:00+00:00,3.5149829745367196
2021-03-22 00:00:00+00:00,3.369240810473619
2021-03-23 00:00:00+00:00,3.8213265419324935
2021-03-24 00:00:00+00:00,3.60781319222106
2021-03-25 00:00:00+00:00,3.6847820018523456
2021-03-26 00:00:00+00:00,3.5614964613069824
2021-03-27 00:00:00+00:00,4.104983714653717
2021-03-28 00:00:00+00:00,3.8874475113800724
2021-03-29 00:00:00+00:00,3.668185848385638
2021-03-30 00:00:00+00:00,3.6240288889984082
2021-03-31 00:00:00+00:00,3.4766768901247183
2021-04-01 00:00:00+00:00,3.2947746623793908
2021-04-02 00:00:00+00:00,3.1304431524351286
2021-04-03 00:00:00+00:00,2.9815416057226356
2021-04-04 00:00:00+00:00,3.0897814127188625
2021-04-05 00:00:00+00:00,3.0073532680646835
2021-04-06 00:00:00+00:00,2.9083581834154373
2021-04-07 00:00:00+00:00,2.8788869901064276
2021-04-08 00:00:00+00:00,3.048418526929104
2021-04-09 00:00:00+00:00,3.148079788832689
2021-04-10 00:00:00+00:00,2.9970519835249934
2021-04-11 00:00:00+00:00,2.991767654893704
2021-04-12 00:00:00+00:00,2.856721353667063
2021-04-13 00:00:00+00:00,2.7392981619441708
2021-04-14 00:00:00+00:00,3.302687219589508
2021-04-15 00:00:00+00:00,3.16298634109269
2021-04-16 00:00:00+00:00,3.0104840581230277
2021-04-17 00:00:00+00:00,3.0704947317046654
2021-04-18 00:00:00+00:00,3.0417475000410374
2021-04-19 00:00:00+00:00,3.7402144275913587
2021-04-20 00:00:00+00:00,3.5547268200845195
2021-04-21 00:00:00+00:00,3.3897433448383842
2021-04-22 00:00:00+00:00,3.647213601591148
2021-04-23 00:00:00+00:00,3.7381882196746186
2021-04-24 00:00:00+00:00,3.560095149719417
2021-04-25 00:00:00+00:00,3.4648412946769906
2021-04-26 00:00:00+00:00,3.3689910246497687
2021-04-27 00:00:00+00:00,4.539892035783108
2021-04-28 00:00:00+00:00,4.299193763596907
2021-04-29 00:00:00+00:00,4.046086332848115
2021-04-30 00:00:00+00:00,3.9148337477734443
2021-05-01 00:00:00+00:00,4.4519580239236305
2021-05-02 00:00:00+00:00,4.181701922251282
2021-05-03 00:00:00+00:00,4.017432291223436
2021-05-04 00:00:00+00:00,3.795801669325316
2021-05-05 00:00:00+00:00,4.3988289594512855
2021-05-06 00:00:00+00:00,4.863138178640364
2021-05-07 00:00:00+00:00,4.612015061489894
2021-05-08 00:00:00+00:00,4.354913277395864
2021-05-09 00:00:00+00:00,4.178852462938364
2021-05-10 00:00:00+00:00,3.9568332851899366
2021-05-11 00:00:00+00:00,4.034639904075257
2021-05-12 00:00:00+00:00,3.827218373870653
2021-05-13 00:00:00+00:00,5.879466917694288
2021-05-14 00:00:00+00:00,5.490653093404959
2021-05-15 00:00:00+00:00,5.133468297148228
2021-05-16 00:00:00+00:00,5.3141825614425455
2021-05-17 00:00:00+00:00,4.981556348641378
2021-05-18 00:00:00+00:00,5.197492343488581
2021-05-19 00:00:00+00:00,4.903984799634333
2021-05-20 00:00:00+00:00,7.102733680053027
2021-05-21 00:00:00+00:00,7.415499681861921
2021-05-22 00:00:00+00:00,7.517932055297199
2021-05-23 00:00:00+00:00,6.999834363636899
2021-05-24 00:00:00+00:00,7.075104933612023
2021-05-25 00:00:00+00:00,7.61321271466986
2021-05-26 00:00:00+00:00,7.104137128862541
2021-05-27 00:00:00+00:00,6.658822523583391
2021-05-28 00:00:00+00:00,6.247291006449655
2021-05-29 00:00:00+00:00,6.438562931435085
2021-05-30 00:00:00+00:00,6.10663713188561
2021-05-31 00:00:00+00:00,5.776486835075338
2021-06-01 00:00:00+00:00,5.586909144977433
2021-06-02 00:00:00+00:00,5.255606802696594
2021-06-03 00:00:00+00:00,4.972552992281023
2021-06-04 00:00:00+00:00,4.872559444621586
2021-06-05 00:00:00+00:00,5.0963841280547255
2021-06-06 00:00:00+00:00,4.952531780856834
2021-06-07 00:00:00+00:00,4.643998528345493
2021-06-08 00:00:00+00:00,4.928025259560649
2021-06-09 00:00:00+00:00,4.62411194311915
2021-06-10 00:00:00+00:00,5.786118853244226
2021-06-11 00:00:00+00:00,5.454606144908826
2021-06-12 00:00:00+00:00,5.128289703759121
2021-06-13 00:00:00+00:00,5.113794445304875
2021-06-14 00:00:00+00:00,5.7229267956358845
2021-06-15 00:00:00+00:00,5.484104381227198
2021-06-16 00:00:00+00:00,5.142236224702578
2021-06-17 00:00:00+00:00,5.08817167244297
2021-06-18 00:00:00+00:00,4.773788520470162
2021-06-19 00:00:00+00:00,4.983980141776648
2021-06-20 00:00:00+00:00,4.685553994086375
2021-06-21 00:00:00+00:00,4.395456845534557
2021-06-22 00:00:00+00:00,5.867044322656395
2021-06-23 00:00:00+00:00,5.551274670437207
2021-06-24 00:00:00+00:00,5.312929318174356
2021-06-25 00:00:00+00:00,5.054221330179156
2021-06-26 00:00:00+00:00,5.755907245601653
2021-06-27 00:00:00+00:00,5.419646000079656
2021-06-28 00:00:00+00:00,5.612066126384908
2021-06-29 00:00:00+00:00,5.252171161443669
2021-06-30 00:00:00+00:00,5.086321582910098
2021-07-01 00:00:00+00:00,4.849491630742129
2021-07-02 00:00:00+00:00,4.825879444133482
2021-07-03 00:00:00+00:00,4.528791131949366
2021-07-04 00:00:00+00:00,4.328982397816349
2021-07-05 00:00:00+00:00,4.104139832174311
2021-07-06 00:00:00+00:00,4.2087621120286345
2021-07-07 00:00:00+00:00,3.9865842945550725
2021-07-08 00:00:00+00:00,3.782343173596927
2021-07-09 00:00:00+00:00,3.7344462033972197
2021-07-10 00:00:00+00:00,3.6397639637787287
2021-07-11 00:00:00+00:00,3.4642659338844295
2021-07-12 00:00:00+00:00,3.3551348491091613
2021-07-13 00:00:00+00:00,3.4288157507429755
2021-07-14 00:00:00+00:00,3.2811781428400923
2021-07-15 00:00:00+00:00,3.1170392461281295
2021-07-16 00:00:00+00:00,3.1573347297847207
2021-07-17 00:00:00+00:00,3.0673038254660168
2021-07-18 00:00:00+00:00,2.9250128816146233
2021-07-19 00:00:00+00:00,2.803753286688873
2021-07-20 00:00:00+00:00,2.906295726587403
2021-07-21 00:00:00+00:00,3.0539899716813514
2021-07-22 00:00:00+00:00,3.8664465447596417
2021-07-23 00:00:00+00:00,3.6486003241783513
2021-07-24 00:00:00+00:00,3.6978718465384786
2021-07-25 00:00:00+00:00,3.5388466453964824
2021-07-26 00:00:00+00:00,3.5066437673670374
2021-07-27 00:00:00+00:00,3.724457705059538
2021-07-28 00:00:00+00:00,4.0079428578761656
2021-07-29 00:00:00+00:00,3.7989855165212076
2021-07-30 00:00:00+00:00,3.587221065664686
2021-07-31 00:00:00+00:00,3.8230280045159444
2021-08-01 00:00:00+00:00,3.673060744540446
2021-08-02 00:00:00+00:00,3.7599089052733143
2021-08-03 00:00:00+00:00,3.6158284760374544
2021-08-04 00:00:00+00:00,3.5394243637402822
2021-08-05 00:00:00+00:00,3.581584876623993
2021-08-06 00:00:00+00:00,3.5061513444576424
2021-08-07 00:00:00+00:00,3.664426754764143
2021-08-08 00:00:00+00:00,3.697490674780393
2021-08-09 00:00:00+00:00,3.559820223300222
2021-08-10 00:00:00+00:00,3.8227105788311326
2021-08-11 00:00:00+00:00,3.6535550541563606
2021-08-12 00:00:00+00:00,3.4567225180599066
2021-08-13 00:00:00+00:00,3.404079840585899
2021-08-14 00:00:00+00:00,4.0623003720745805
2021-08-15 00:00:00+00:00,3.8736424231143514
2021-08-16 00:00:00+00:00,3.657118675862391
2021-08-17 00:00:00+00:00,3.5651139923332797
2021-08-18 00:00:00+00:00,3.5163275891206904
2021-08-19 00:00:00+00:00,3.3304619192166713
2021-08-20 00:00:00+00:00,3.487732159798446
2021-08-21 00:00:00+00:00,3.7441278130168665
2021-08-22 00:00:00+00:00,3.562032169076043
2021-08-23 00:00:00+00:00,3.3783055501157855
2021-08-24 00:00:00+00:00,3.2063424848956243
2021-08-25 00:00:00+00:00,3.3390291661880678
2021-08-26 00:00:00+00:00,3.2815726113053905
2021-08-27 00:00:00+00:00,3.5059924970846374
2021-08-28 00:00:00+00:00,3.6532847248846427
2021-08-29 00:00:00+00:00,3.4596350991977425
2021-08-30 00:00:00+00:00,3.2825274119326258
2021-08-31 00:00:00+00:00,3.400955569054397
2021-09-01 00:00:00+00:00,3.225310246131725
2021-09-02 00:00:00+00:00,3.2760565815451184
2021-09-03 00:00:00+00:00,3.120967215353942
2021-09-04 00:00:00+00:00,3.00591254209137
2021-09-05 00:00:00+00:00,2.8718444972836856
2021-09-06 00:00:00+00:00,2.9880272976797944
2021-09-07 00:00:00+00:00,2.9003907108690483
2021-09-08 00:00:00+00:00,4.9424432405559
2021-09-09 00:00:00+00:00,4.679936081639548
2021-09-10 00:00:00+00:00,4.393999975278106
2021-09-11 00:00:00+00:00,4.310763021712451
2021-09-12 00:00:00+00:00,4.056391035709527
2021-09-13 00:00:00+00:00,3.862755203148106
2021-09-14 00:00:00+00:00,3.752697351972431
2021-09-15 00:00:00+00:00,3.8681474506708895
2021-09-16 00:00:00+00:00,3.707732782264594
2021-09-17 00:00:00+00:00,3.5208855953231417
2021-09-18 00:00:00+00:00,3.3568215792176024
2021-09-19 00:00:00+00:00,3.249130970816298
2021-09-20 00:00:00+00:00,3.198054238489119
2021-09-21 00:00:00+00:00,4.488045676833786
2021-09-22 00:00:00+00:00,4.643849770950527
2021-09-23 00:00:00+00:00,4.890584236623379
2021-09-24 00:00:00+00:00,4.681394278106587
2021-09-25 00:00:00+00:00,4.704674437767949
2021-09-26 00:00:00+00:00,4.416746206813225
2021-09-27 00:00:00+00:00,4.161747817135162
2021-09-28 00:00:00+00:00,4.017088392691532
2021-09-29 00:00:00+00:00,3.9152824738218053
2021-09-30 00:00:00+00:00,3.7078774866859954
2021-10-01 00:00:00+00:00,3.930304060668634
2021-10-02 00:00:00+00:00,4.870067571355531
2021-10-03 00:00:00+00:00,4.585215208347166
2021-10-04 00:00:00+00:00,4.316259475122077
2021-10-05 00:00:00+00:00,4.109452672097844
2021-10-06 00:00:00+00:00,4.1360850061096235
2021-10-07 00:00:00+00:00,4.575759137876611
2021-10-08 00:00:00+00:00,4.418893514414465
2021-10-09 00:00:00+00:00,4.151598624696641
2021-10-10 00:00:00+00:00,3.9469510413664737
2021-10-11 00:00:00+00:00,3.7298758890882047
2021-10-12 00:00:00+00:00,3.8918594424190647
2021-10-13 00:00:00+00:00,3.7965796195595414
2021-10-14 00:00:00+00:00,3.6634108613202514
2021-10-15 00:00:00+00:00,3.464277732999849
2021-10-16 00:00:00+00:00,4.082939141797523
2021-10-17 00:00:00+00:00,3.8801610827784803
2021-10-18 00:00:00+00:00,3.671917667532485
2021-10-19 00:00:00+00:00,3.4763555160872928
2021-10-20 00:00:00+00:00,3.4930444161028475
2021-10-21 00:00:00+00:00,3.412410445029904
2021-10-22 00:00:00+00:00,3.8682583296304673
2021-10-23 00:00:00+00:00,3.7629500417827435
2021-10-24 00:00:00+00:00,3.5633899757343217
2021-10-25 00:00:00+00:00,3.387530271700828
2021-10-26 00:00:00+00:00,3.4169832575689183
2021-10-27 00:00:00+00:00,3.617139415307693
2021-10-28 00:00:00+00:00,3.6205676317591773
2021-10-29 00:00:00+00:00,3.6209017077123637
2021-10-30 00:00:00+00:00,3.5324347353902534
2021-10-31 00:00:00+00:00,3.357209458806787
2021-11-01 00:00:00+00:00,3.2091271073158203
2021-11-02 00:00:00+00:00,3.065966344700318
2021-11-03 00:00:00+00:00,3.1619682241893567
2021-11-04 00:00:00+00:00,3.0198039470484086
2021-11-05 00:00:00+00:00,3.0203805403375155
2021-11-06 00:00:00+00:00,2.9008894439746564
2021-11-07 00:00:00+00:00,2.783627263813789
2021-11-08 00:00:00+00:00,2.823678399740398
2021-11-09 00:00:00+00:00,3.464486771449265
2021-11-10 00:00:00+00:00,3.303631186451648
2021-11-11 00:00:00+00:00,3.3423682126132577
2021-11-12 00:00:00+00:00,3.1750193578180483
2021-11-13 00:00:00+00:00,3.0505407626646948
2021-11-14 00:00:00+00:00,2.90966651277243
2021-11-15 00:00:00+00:00,2.832244507453476
2021-11-16 00:00:00+00:00,2.9251459491663447
2021-11-17 00:00:00+00:00,3.467066107701324
2021-11-18 00:00:00+00:00,3.2863583237406537
2021-11-19 00:00:00+00:00,3.7637101989956236
2021-11-20 00:00:00+00:00,3.608129414306865
2021-11-21 00:00:00+00:00,3.5280146185880685
2021-11-22 00:00:00+00:00,3.4141370347354525
2021-11-23 00:00:00+00:00,3.566893375043395
2021-11-24 00:00:00+00:00,3.449198257908972
2021-11-25 00:00:00+00:00,3.2842244600045194
2021-11-26 00:00:00+00:00,3.2779460326793157
2021-11-27 00:00:00+00:00,4.5183521582589075
2021-11-28 00:00:00+00:00,4.278771999638146
2021-11-29 00:00:00+00:00,4.292513940377308
2021-11-30 00:00:00+00:00,4.0423654999445855
2021-12-01 00:00:00+00:00,3.850310967695801
2021-12-02 00:00:00+00:00,3.6336796156177256
2021-12-03 00:00:00+00:00,3.472490063977585
2021-12-04 00:00:00+00:00,3.7869697197762826
2021-12-05 00:00:00+00:00,4.703811508360851
2021-12-06 00:00:00+00:00,4.413039639543545
2021-12-07 00:00:00+00:00,4.196247882826091
2021-12-08 00:00:00+00:00,3.9483001213168105
2021-12-09 00:00:00+00:00,3.7254523278428677
2021-12-10 00:00:00+00:00,4.113706831470275
2021-12-11 00:00:00+00:00,3.8904628656450146
2021-12-12 00:00:00+00:00,3.9758179608500805
2021-12-13 00:00:00+00:00,3.7670526436759415
2021-12-14 00:00:00+00:00,4.324798018837752
2021-12-15 00:00:00+00:00,4.215384938311891
2021-12-16 00:00:00+00:00,3.9766394555757727
2021-12-17 00:00:00+00:00,3.8674766209214444
2021-12-18 00:00:00+00:00,3.8336881907219236
2021-12-19 00:00:00+00:00,3.645390557002264
2021-12-20 00:00:00+00:00,3.451932867506771
2021-12-21 00:00:00+00:00,3.2728782981449793
2021-12-22 00:00:00+00:00,3.38808647480886
2021-12-23 00:00:00+00:00,3.2264679505548015
2021-12-24 00:00:00+00:00,3.4077346337366117
2021-12-25 00:00:00+00:00,3.2325966067407594
2021-12-26 00:00:00+00:00,3.0941314948136984
2021-12-27 00:00:00+00:00,2.953792720829039
2021-12-28 00:00:00+00:00,2.8247144666117165
2021-12-29 00:00:00+00:00,3.5435127459235303
2021-12-30 00:00:00+00:00,3.46404495347491
2021-12-31 00:00:00+00:00,3.3077150900341477
2022-01-01 00:00:00+00:00,3.227182481106736
2022-01-02 00:00:00+00:00,3.236201630248506
2022-01-03 00:00:00+00:00,3.1010434622451126
2022-01-04 00:00:00+00:00,3.0342484305908988
2022-01-05 00:00:00+00:00,2.9428728332278267
2022-01-06 00:00:00+00:00,3.399708956643556
2022-01-07 00:00:00+00:00,3.2450631930201124
2022-01-08 00:00:00+00:00,3.3499101760244625
2022-01-09 00:00:00+00:00,3.1791635301517625
2022-01-10 00:00:00+00:00,3.025876644003683
2022-01-11 00:00:00+00:00,2.8888300215825766
2022-01-12 00:00:00+00:00,2.8422823431789217
2022-01-13 00:00:00+00:00,2.853954171299822
2022-01-14 00:00:00+00:00,2.961916327547697
2022-01-15 00:00:00+00:00,2.8481622496825802
2022-01-16 00:00:00+00:00,2.7277242614677997
2022-01-17 00:00:00+00:00,2.6207242391380627
2022-01-18 00:00:00+00:00,2.640671577217321
2022-01-19 00:00:00+00:00,2.5420999364274897
2022-01-20 00:00:00+00:00,2.53631945700267
2022-01-21 00:00:00+00:00,2.6064446567384514
2022-01-22 00:00:00+00:00,4.603728324867716
2022-01-23 00:00:00+00:00,4.540656019634562
2022-01-24 00:00:00+00:00,4.392125402072752
2022-01-25 00:00:00+00:00,4.139277355400946
2022-01-26 00:00:00+00:00,3.9016078500602007
2022-01-27 00:00:00+00:00,3.6859238476625684
2022-01-28 00:00:00+00:00,3.492767810883765
2022-01-29 00:00:00+00:00,3.337203233174416
2022-01-30 00:00:00+00:00,3.185188445078963
2022-01-31 00:00:00+00:00,3.0484811567600008
2022-02-01 00:00:00+00:00,2.9422356520717146
2022-02-02 00:00:00+00:00,2.8145330829835986
2022-02-03 00:00:00+00:00,3.194640823640893
2022-02-04 00:00:00+00:00,3.054694233179146
2022-02-05 00:00:00+00:00,4.668932106293252
2022-02-06 00:00:00+00:00,4.3862934291070665
2022-02-07 00:00:00+00:00,4.188680740180565
2022-02-08 00:00:00+00:00,4.0894524773058425
2022-02-09 00:00:00+00:00,3.8517627369108443
2022-02-10 00:00:00+00:00,3.6389650143213084
2022-02-11 00:00:00+00:00,3.524306516735311
2022-02-12 00:00:00+00:00,3.4761492070350464
2022-02-13 00:00:00+00:00,3.2995147252031063
2022-02-14 00:00:00+00:00,3.1404691541366856
2022-02-15 00:00:00+00:00,3.006854314359816
2022-02-16 00:00:00+00:00,3.244562530871401
2022-02-17 00:00:00+00:00,3.1411488686692186
2022-02-18 00:00:00+00:00,4.106945172371172
2022-02-19 00:00:00+00:00,3.9039213460502453
2022-02-20 00:00:00+00:00,3.681882555675502
2022-02-21 00:00:00+00:00,3.8133191442211984
2022-02-22 00:00:00+00:00,3.8384316359502177
2022-02-23 00:00:00+00:00,3.7697035653800772
2022-02-24 00:00:00+00:00,3.689155584730807
2022-02-25 00:00:00+00:00,3.602604032398169
2022-02-26 00:00:00+00:00,3.482733875525794
2022-02-27 00:00:00+00:00,3.303433567019239
2022-02-28 00:00:00+00:00,3.4132151863124305
2022-03-01 00:00:00+00:00,5.609562439181089
2022-03-02 00:00:00+00:00,5.322070106940695
2022-03-03 00:00:00+00:00,5.0022286744326525
2022-03-04 00:00:00+00:00,4.841914994735976
2022-03-05 00:00:00+00:00,5.36662088370048
2022-03-06 00:00:00+00:00,5.021506490553473
2022-03-07 00:00:00+00:00,4.79571545885463
2022-03-08 00:00:00+00:00,4.520020797385365
2022-03-09 00:00:00+00:00,4.284990447850137
2022-03-10 00:00:00+00:00,4.831978128378791
2022-03-11 00:00:00+00:00,5.038329132685512
2022-03-12 00:00:00+00:00,4.767712764587406
2022-03-13 00:00:00+00:00,4.470482841080867
2022-03-14 00:00:00+00:00,4.316111189678494
2022-03-15 00:00:00+00:00,4.36514453763943
2022-03-16 00:00:00+00:00,4.123345677712382
2022-03-17 00:00:00+00:00,4.160036776667581
2022-03-18 00:00:00+00:00,3.92246853399045
2022-03-19 00:00:00+00:00,3.751125438203841
2022-03-20 00:00:00+00:00,3.5546907681718314
2022-03-21 00:00:00+00:00,3.469990267258527
2022-03-22 00:00:00+00:00,3.3007191318208604
2022-03-23 00:00:00+00:00,3.305911541196067
2022-03-24 00:00:00+00:00,3.1581659997421068
2022-03-25 00:00:00+00:00,3.1116582772970163
2022-03-26 00:00:00+00:00,2.9692566280910655
2022-03-27 00:00:00+00:00,2.836967202255882
2022-03-28 00:00:00+00:00,3.1902942241500973
2022-03-29 00:00:00+00:00,3.038205710951732
2022-03-30 00:00:00+00:00,2.9019151654396773
2022-03-31 00:00:00+00:00,2.7963187328510695
2022-04-01 00:00:00+00:00,2.950548868077415
2022-04-02 00:00:00+00:00,2.8640117590753027
2022-04-03 00:00:00+00:00,2.7745159604433316
2022-04-04 00:00:00+00:00,2.686923918216886
2022-04-05 00:00:00+00:00,2.583476320663287
2022-04-06 00:00:00+00:00,2.642903506070905
2022-04-07 00:00:00+00:00,3.163810831287357
2022-04-08 00:00:00+00:00,3.0144269316120527
2022-04-09 00:00:00+00:00,3.056014309752072
2022-04-10 00:00:00+00:00,2.9327652329093814
2022-04-11 00:00:00+00:00,2.8578452221790047
2022-04-12 00:00:00+00:00,3.5677689319569414
2022-04-13 00:00:00+00:00,3.399628495016606
2022-04-14 00:00:00+00:00,3.3304543782893705
2022-04-15 00:00:00+00:00,3.3466508568592865
2022-04-16 00:00:00+00:00,3.20744758006179
2022-04-17 00:00:00+00:00,3.058433874345897
2022-04-18 00:00:00+00:00,2.993574413785775
2022-04-19 00:00:00+00:00,2.9920032057412134
2022-04-20 00:00:00+00:00,2.9005317151983503
2022-04-21 00:00:00+00:00,2.780403969149379
2022-04-22 00:00:00+00:00,2.787679427141038
2022-04-23 00:00:00+00:00,2.772487977414561
2022-04-24 00:00:00+00:00,2.677064360537917
2022-04-25 00:00:00+00:00,2.57498175992135
2022-04-26 00:00:00+00:00,2.59881525626759
2022-04-27 00:00:00+00:00,3.2699629628039886
2022-04-28 00:00:00+00:00,3.2416838656285454
2022-04-29 00:00:00+00:00,3.1030787681768084
2022-04-30 00:00:00+00:00,3.147855823366122
2022-05-01 00:00:00+00:00,3.1424462750157285
2022-05-02 00:00:00+00:00,3.068803810405943
2022-05-03 00:00:00+00:00,2.92550380521775
2022-05-04 00:00:00+00:00,2.906854419939925
2022-05-05 00:00:00+00:00,3.242740462021175
2022-05-06 00:00:00+00:00,4.23773209905753
2022-05-07 00:00:00+00:00,4.028885103284903
2022-05-08 00:00:00+00:00,3.8420944939862207
2022-05-09 00:00:00+00:00,3.921596136121942
2022-05-10 00:00:00+00:00,5.6970101203437356
2022-05-11 00:00:00+00:00,5.413311178284536
2022-05-12 00:00:00+00:00,5.546150335095114
2022-05-13 00:00:00+00:00,5.186774280582963
2022-05-14 00:00:00+00:00,4.859865776317533
2022-05-15 00:00:00+00:00,4.634015217369153
2022-05-16 00:00:00+00:00,4.543538733085844
2022-05-17 00:00:00+00:00,4.5957781364089865
2022-05-18 00:00:00+00:00,4.351618732889954
2022-05-19 00:00:00+00:00,4.591925762946271
2022-05-20 00:00:00+00:00,4.6690458997983555
2022-05-21 00:00:00+00:00,4.588767063193782
2022-05-22 00:00:00+00:00,4.3119732152825305
2022-05-23 00:00:00+00:00,4.153378957749505
2022-05-24 00:00:00+00:00,4.168499463319675
2022-05-25 00:00:00+00:00,3.9633292089549648
2022-05-26 00:00:00+00:00,3.741553616856708
2022-05-27 00:00:00+00:00,3.565797876497171
2022-05-28 00:00:00+00:00,3.4579958415374854
2022-05-29 00:00:00+00:00,3.3018687867006347
2022-05-30 00:00:00+00:00,3.16633888608923
2022-05-31 00:00:00+00:00,3.8998632976457053
2022-06-01 00:00:00+00:00,3.678156408631079
2022-06-02 00:00:00+00:00,4.171035814140793
2022-06-03 00:00:00+00:00,3.9810794944982937
2022-06-04 00:00:00+00:00,3.8669396418713284
2022-06-05 00:00:00+00:00,3.650010388601298
2022-06-06 00:00:00+00:00,3.451066883837519
2022-06-07 00:00:00+00:00,3.623147307924855
2022-06-08 00:00:00+00:00,3.4442159922688895
2022-06-09 00:00:00+00:00,3.4472552047558596
2022-06-10 00:00:00+00:00,3.2723022225956653
2022-06-11 00:00:00+00:00,3.3539037828240237
2022-06-12 00:00:00+00:00,3.300242038004862
2022-06-13 00:00:00+00:00,3.9420366148353803
2022-06-14 00:00:00+00:00,6.907305242642675
2022-06-15 00:00:00+00:00,6.4656687344049635
2022-06-16 00:00:00+00:00,6.060837107785651
2022-06-17 00:00:00+00:00,6.690697879516041
2022-06-18 00:00:00+00:00,6.236914604595715
2022-06-19 00:00:00+00:00,6.410910790242832
2022-06-20 00:00:00+00:00,6.568010331384763
2022-06-21 00:00:00+00:00,6.124288466164846
2022-06-22 00:00:00+00:00,5.718227049740972
2022-06-23 00:00:00+00:00,5.5025045811733175
2022-06-24 00:00:00+00:00,5.45186995476241
2022-06-25 00:00:00+00:00,5.099415148078753
2022-06-26 00:00:00+00:00,4.786021821243867
2022-06-27 00:00:00+00:00,4.559368142836473
2022-06-28 00:00:00+00:00,4.316508996329812
2022-06-29 00:00:00+00:00,4.145702574644275
2022-06-30 00:00:00+00:00,3.917248890484852
2022-07-01 00:00:00+00:00,3.713985430120492
2022-07-02 00:00:00+00:00,3.7207995348159795
2022-07-03 00:00:00+00:00,3.5174720407262634
2022-07-04 00:00:00+00:00,3.331040769405499
2022-07-05 00:00:00+00:00,3.51216888246377
2022-07-06 00:00:00+00:00,3.330777305452285
2022-07-07 00:00:00+00:00,3.2149989617279235
2022-07-08 00:00:00+00:00,3.477059673876225
2022-07-09 00:00:00+00:00,3.2964775775930253
2022-07-10 00:00:00+00:00,3.1317935625302185
2022-07-11 00:00:00+00:00,3.2362783162614077
2022-07-12 00:00:00+00:00,3.4630889555493254
2022-07-13 00:00:00+00:00,3.4895161274151625
2022-07-14 00:00:00+00:00,3.630953622141886
2022-07-15 00:00:00+00:00,3.473285769326254
2022-07-16 00:00:00+00:00,3.306943951890466
2022-07-17 00:00:00+00:00,3.1837521039752255
2022-07-18 00:00:00+00:00,3.1147663428596863
2022-07-19 00:00:00+00:00,3.898728529814499
2022-07-20 00:00:00+00:00,3.925414952851712
2022-07-21 00:00:00+00:00,3.7161160759354375
2022-07-22 00:00:00+00:00,3.5156869456073285
2022-07-23 00:00:00+00:00,3.418500863046439
2022-07-24 00:00:00+00:00,3.2696806994318846
2022-07-25 00:00:00+00:00,3.1089900528276373
2022-07-26 00:00:00+00:00,3.6103559003085404
2022-07-27 00:00:00+00:00,3.419056439511486
2022-07-28 00:00:00+00:00,4.1372571377225436
2022-07-29 00:00:00+00:00,4.085773858547674
2022-07-30 00:00:00+00:00,3.851427113271129
2022-07-31 00:00:00+00:00,3.6436202777153066
2022-08-01 00:00:00+00:00,3.495055132964614
2022-08-02 00:00:00+00:00,3.312391975554433
2022-08-03 00:00:00+00:00,3.183332151788787
2022-08-04 00:00:00+00:00,3.046442692587537
2022-08-05 00:00:00+00:00,2.928786786098037
2022-08-06 00:00:00+00:00,2.959184169560247
2022-08-07 00:00:00+00:00,2.891311340726048
2022-08-08 00:00:00+00:00,2.7775293927172724
2022-08-09 00:00:00+00:00,2.798357016713506
2022-08-10 00:00:00+00:00,2.8778043465039165
2022-08-11 00:00:00+00:00,2.9656551316206907
2022-08-12 00:00:00+00:00,2.834482382970306
2022-08-13 00:00:00+00:00,2.7791323411626725
2022-08-14 00:00:00+00:00,2.665427365033169
2022-08-15 00:00:00+00:00,2.577549826407886
2022-08-16 00:00:00+00:00,2.513328593173285
2022-08-17 00:00:00+00:00,2.464179642202246
2022-08-18 00:00:00+00:00,2.5221164464340675
2022-08-19 00:00:00+00:00,2.4543095631599603
2022-08-20 00:00:00+00:00,4.450245200490203
2022-08-21 00:00:00+00:00,4.201873186604824
2022-08-22 00:00:00+00:00,3.9889458446445074
2022-08-23 00:00:00+00:00,3.768241087033931
2022-08-24 00:00:00+00:00,3.5609306581358613
2022-08-25 00:00:00+00:00,3.3866117064096115
2022-08-26 00:00:00+00:00,3.2206661129039635
2022-08-27 00:00:00+00:00,3.7974189908503506
2022-08-28 00:00:00+00:00,3.609727725266092
2022-08-29 00:00:00+00:00,3.534285254504674
2022-08-30 00:00:00+00:00,3.550470339938874
2022-08-31 00:00:00+00:00,3.4761376448314745
2022-09-01 00:00:00+00:00,3.3105935115451115
2022-09-02 00:00:00+00:00,3.144231434458701
2022-09-03 00:00:00+00:00,3.017742718161229
2022-09-04 00:00:00+00:00,2.8932224146321026
2022-09-05 00:00:00+00:00,2.776053891932975
2022-09-06 00:00:00+00:00,2.696493716541989
2022-09-07 00:00:00+00:00,3.195593885411401
2022-09-08 00:00:00+00:00,3.1519054914908957
2022-09-09 00:00:00+00:00,3.0004028423346236
2022-09-10 00:00:00+00:00,4.431047307896004
2022-09-11 00:00:00+00:00,4.180531956580905
2022-09-12 00:00:00+00:00,3.939393195401375
2022-09-13 00:00:00+00:00,3.801697144565883
2022-09-14 00:00:00+00:00,5.133842191395637
2022-09-15 00:00:00+00:00,4.805939095246799
2022-09-16 00:00:00+00:00,4.610655880401659
2022-09-17 00:00:00+00:00,4.32798241903287
2022-09-18 00:00:00+00:00,4.094459815542743
2022-09-19 00:00:00+00:00,4.065167538322265
2022-09-20 00:00:00+00:00,3.8312284589304104
2022-09-21 00:00:00+00:00,3.829248070098314
2022-09-22 00:00:00+00:00,3.7095746510824186
2022-09-23 00:00:00+00:00,3.867927517063612
2022-09-24 00:00:00+00:00,3.65930229558413
2022-09-25 00:00:00+00:00,3.5377168890292583
2022-09-26 00:00:00+00:00,3.360919901825236
2022-09-27 00:00:00+00:00,3.2621435600196946
2022-09-28 00:00:00+00:00,3.1185346674669145
2022-09-29 00:00:00+00:00,3.015802897146383
2022-09-30 00:00:00+00:00,2.887787757419871
2022-10-01 00:00:00+00:00,2.7876866159778833
2022-10-02 00:00:00+00:00,2.686882015079295
2022-10-03 00:00:00+00:00,2.636760025999499
2022-10-04 00:00:00+00:00,2.7080390035713937
2022-10-05 00:00:00+00:00,2.8431850790307163
2022-10-06 00:00:00+00:00,2.749040292610888
2022-10-07 00:00:00+00:00,2.670607731482795
2022-10-08 00:00:00+00:00,2.697577115705999
2022-10-09 00:00:00+00:00,2.606712492821879
2022-10-10 00:00:00+00:00,2.511647336642669
2022-10-11 00:00:00+00:00,2.505373645743179
2022-10-12 00:00:00+00:00,2.42979734511043
2022-10-13 00:00:00+00:00,2.3562191610637684
2022-10-14 00:00:00+00:00,2.3110792963164934
2022-10-15 00:00:00+00:00,2.289655565131969
2022-10-16 00:00:00+00:00,2.246396971920492
2022-10-17 00:00:00+00:00,2.2092568789926497
2022-10-18 00:00:00+00:00,2.2029182262009397
2022-10-19 00:00:00+00:00,2.2043707694063173
2022-10-20 00:00:00+00:00,2.199531168962572
2022-10-21 00:00:00+00:00,2.162568102450418
2022-10-22 00:00:00+00:00,2.123742353974891
2022-10-23 00:00:00+00:00,2.08471777803788
2022-10-24 00:00:00+00:00,2.1298654942905078
2022-10-25 00:00:00+00:00,2.14910345061293
2022-10-26 00:00:00+00:00,2.44293270111767
2022-10-27 00:00:00+00:00,2.605284650037405
2022-10-28 00:00:00+00:00,2.657604521368337
2022-10-29 00:00:00+00:00,2.5918705995023545
2022-10-30 00:00:00+00:00,2.5146839656489
2022-10-31 00:00:00+00:00,2.4585761149059038
2022-11-01 00:00:00+00:00,2.398943339859396
2022-11-02 00:00:00+00:00,2.3284727650123496
2022-11-03 00:00:00+00:00,2.3523167805111243
2022-11-04 00:00:00+00:00,2.2857469566552657
2022-11-05 00:00:00+00:00,2.680383795642749
2022-11-06 00:00:00+00:00,2.5826967478611613
2022-11-07 00:00:00+00:00,2.591062471569808
2022-11-08 00:00:00+00:00,2.5675614464985164
2022-11-09 00:00:00+00:00,4.4294796465280335
2022-11-10 00:00:00+00:00,6.758452129347427
2022-11-11 00:00:00+00:00,7.146273170733597
2022-11-12 00:00:00+00:00,6.751398202706852
2022-11-13 00:00:00+00:00,6.321128649925737
2022-11-14 00:00:00+00:00,5.993993720887528
2022-11-15 00:00:00+00:00,5.620846480924121
2022-11-16 00:00:00+00:00,5.27686015947532
2022-11-17 00:00:00+00:00,4.968972452868061
2022-11-18 00:00:00+00:00,4.654815282061144
2022-11-19 00:00:00+00:00,4.367551434198933
2022-11-20 00:00:00+00:00,4.105242267220371
2022-11-21 00:00:00+00:00,3.980724680194489
2022-11-22 00:00:00+00:00,3.9227980951776673
2022-11-23 00:00:00+00:00,3.803229100029148
2022-11-24 00:00:00+00:00,3.6606498657858926
2022-11-25 00:00:00+00:00,3.461703208185305
2022-11-26 00:00:00+00:00,3.2886241825610254
2022-11-27 00:00:00+00:00,3.130552774845446
2022-11-28 00:00:00+00:00,2.9841695258762213
2022-11-29 00:00:00+00:00,2.8980645324021026
2022-11-30 00:00:00+00:00,2.8020443017155117
2022-12-01 00:00:00+00:00,3.030213709221584
2022-12-02 00:00:00+00:00,2.92547850915406
2022-12-03 00:00:00+00:00,2.801039336850983
2022-12-04 00:00:00+00:00,2.7301670407083516
2022-12-05 00:00:00+00:00,2.647841026965286
2022-12-06 00:00:00+00:00,2.572768832546303
2022-12-07 00:00:00+00:00,2.487208216829406
2022-12-08 00:00:00+00:00,2.4755366727902337
2022-12-09 00:00:00+00:00,2.4974273456315585
2022-12-10 00:00:00+00:00,2.428758956905244
2022-12-11 00:00:00+00:00,2.3545136640598776
2022-12-12 00:00:00+00:00,2.2931594057073608
2022-12-13 00:00:00+00:00,2.24038765362195
2022-12-14 00:00:00+00:00,2.420501971836324
2022-12-15 00:00:00+00:00,2.3460369926019973
2022-12-16 00:00:00+00:00,2.4697793499194347
2022-12-17 00:00:00+00:00,2.8436046995393096
2022-12-18 00:00:00+00:00,2.7322188112442944
2022-12-19 00:00:00+00:00,2.6278406571337625
2022-12-20 00:00:00+00:00,2.6240306440452534
2022-12-21 00:00:00+00:00,2.671996310978908
2022-12-22 00:00:00+00:00,2.5789091620920725
2022-12-23 00:00:00+00:00,2.487932305706028
2022-12-24 00:00:00+00:00,2.411210688630309
2022-12-25 00:00:00+00:00,2.338138545272483
2022-12-26 00:00:00+00:00,2.2746261324847543
2022-12-27 00:00:00+00:00,2.219550213152201
2022-12-28 00:00:00+00:00,2.2279506267211677
2022-12-29 00:00:00+00:00,2.213176761361385
2022-12-30 00:00:00+00:00,2.165607902778473
2022-12-31 00:00:00+00:00,2.1252289379703933
2023-01-01 00:00:00+00:00,2.0965075620090583
2023-01-02 00:00:00+00:00,2.06247213754713
2023-01-03 00:00:00+00:00,2.031657574389618
2023-01-04 00:00:00+00:00,2.0056042394798124
2023-01-05 00:00:00+00:00,2.00218901857275
2023-01-06 00:00:00+00:00,1.981958814449021
2023-01-07 00:00:00+00:00,1.9683843815510744
2023-01-08 00:00:00+00:00,1.9514722733206713
2023-01-09 00:00:00+00:00,1.9576123969495969
2023-01-10 00:00:00+00:00,1.9403083210939098
2023-01-11 00:00:00+00:00,1.976458268176298
2023-01-12 00:00:00+00:00,2.1550066378643615
2023-01-13 00:00:00+00:00,2.6595582004497245
2023-01-14 00:00:00+00:00,3.156946407983682
2023-01-15 00:00:00+00:00,3.428850659904203
2023-01-16 00:00:00+00:00,3.25742120114336
2023-01-17 00:00:00+00:00,3.126606725641342
2023-01-18 00:00:00+00:00,2.9816186322553806
2023-01-19 00:00:00+00:00,2.9647415192300928
2023-01-20 00:00:00+00:00,2.8896966481954873
2023-01-21 00:00:00+00:00,3.6859198911406006
2023-01-22 00:00:00+00:00,3.485143912651406
2023-01-23 00:00:00+00:00,3.3069218103735416
2023-01-24 00:00:00+00:00,3.1494219536207946
2023-01-25 00:00:00+00:00,3.0399308677742813
2023-01-26 00:00:00+00:00,2.9550210861117674
2023-01-27 00:00:00+00:00,2.8271039904325694
2023-01-28 00:00:00+00:00,2.7083894822934274
2023-01-29 00:00:00+00:00,2.606483273189727
2023-01-30 00:00:00+00:00,2.697496552825696
2023-01-31 00:00:00+00:00,2.9600159919625866
2023-02-01 00:00:00+00:00,2.8521275812900715
2023-02-02 00:00:00+00:00,2.8506770586836754
2023-02-03 00:00:00+00:00,2.763031674869455
2023-02-04 00:00:00+00:00,2.65564191121054
2023-02-05 00:00:00+00:00,2.565237987500345
2023-02-06 00:00:00+00:00,2.561095507303094
2023-02-07 00:00:00+00:00,2.4928371945427434
2023-02-08 00:00:00+00:00,2.493848841264277
2023-02-09 00:00:00+00:00,2.459831811403666
2023-02-10 00:00:00+00:00,3.026782323538749
2023-02-11 00:00:00+00:00,2.908205975045315
2023-02-12 00:00:00+00:00,2.797313946236513
2023-02-13 00:00:00+00:00,2.6889881255174637
2023-02-14 00:00:00+00:00,2.586305741186733
2023-02-15 00:00:00+00:00,2.5626017748520193
2023-02-16 00:00:00+00:00,3.9422847594943504
2023-02-17 00:00:00+00:00,3.9164675863390923
2023-02-18 00:00:00+00:00,3.961243103183949
2023-02-19 00:00:00+00:00,3.734050253339726
2023-02-20 00:00:00+00:00,3.574961537843741
2023-02-21 00:00:00+00:00,3.4598120831870087
2023-02-22 00:00:00+00:00,3.3365041840407503
2023-02-23 00:00:00+00:00,3.199702909480173
2023-02-24 00:00:00+00:00,3.0723187845134734
2023-02-25 00:00:00+00:00,3.1563007259559224
2023-02-26 00:00:00+00:00,3.0064990844856303
2023-02-27 00:00:00+00:00,2.914643246538197
2023-02-28 00:00:00+00:00,2.7917577078250946
2023-03-01 00:00:00+00:00,2.7412778621328595
2023-03-02 00:00:00+00:00,2.708913292654983
2023-03-03 00:00:00+00:00,2.6213735090527637
2023-03-04 00:00:00+00:00,3.0681407382556336
2023-03-05 00:00:00+00:00,2.9260849901266943
2023-03-06 00:00:00+00:00,2.797607564049063
2023-03-07 00:00:00+00:00,2.683951815334277
2023-03-08 00:00:00+00:00,2.611320120659683
2023-03-09 00:00:00+00:00,2.654125828261504
2023-03-10 00:00:00+00:00,3.418765894713883
2023-03-11 00:00:00+00:00,3.2703032380033434
2023-03-12 00:00:00+00:00,3.138539280609438
2023-03-13 00:00:00+00:00,3.849113588726865
2023-03-14 00:00:00+00:00,4.766889808035509
2023-03-15 00:00:00+00:00,4.526012225029134
2023-03-16 00:00:00+00:00,4.2936949949033645
2023-03-17 00:00:00+00:00,4.141037010221023
2023-03-18 00:00:00+00:00,4.96558302827493
2023-03-19 00:00:00+00:00,4.7029587729680005
2023-03-20 00:00:00+00:00,4.5882328532638805
2023-03-21 00:00:00+00:00,4.323942418804489
2023-03-22 00:00:00+00:00,4.084852540572462
2023-03-23 00:00:00+00:00,4.011166152814142
2023-03-24 00:00:00+00:00,3.971577139979866
2023-03-25 00:00:00+00:00,3.905330780199872
2023-03-26 00:00:00+00:00,3.683682600519335
2023-03-27 00:00:00+00:00,3.5252590046593864
2023-03-28 00:00:00+00:00,3.5232976189666827
2023-03-29 00:00:00+00:00,3.3375422097707967
2023-03-30 00:00:00+00:00,3.413775204154825
2023-03-31 00:00:00+00:00,3.2701427477337197
2023-04-01 00:00:00+00:00,3.140570645183401
2023-04-02 00:00:00+00:00,2.9914103147448188
2023-04-03 00:00:00+00:00,2.885883071380518
2023-04-04 00:00:00+00:00,2.8117271258314145
2023-04-05 00:00:00+00:00,2.7205224424581576
2023-04-06 00:00:00+00:00,2.6138327399953916
2023-04-07 00:00:00+00:00,2.5292399053212415
2023-04-08 00:00:00+00:00,2.453353869834593
2023-04-09 00:00:00+00:00,2.375323056321323
2023-04-10 00:00:00+00:00,2.3399377200619735
2023-04-11 00:00:00+00:00,2.7170887944526054
2023-04-12 00:00:00+00:00,2.6721182701243977
2023-04-13 00:00:00+00:00,2.6057854140585537
2023-04-14 00:00:00+00:00,2.5561315174415844
2023-04-15 00:00:00+00:00,2.4665402166630197
2023-04-16 00:00:00+00:00,2.401874046387657
2023-04-17 00:00:00+00:00,2.3303312393205737
2023-04-18 00:00:00+00:00,2.511299049801468
2023-04-19 00:00:00+00:00,2.6317131472709683
2023-04-20 00:00:00+00:00,3.176607449188899
2023-04-21 00:00:00+00:00,3.1123730367906846
2023-04-22 00:00:00+00:00,3.2334865923902476
2023-04-23 00:00:00+00:00,3.135421603737915
2023-04-24 00:00:00+00:00,3.006509303107729
2023-04-25 00:00:00+00:00,2.8746150744164587
2023-04-26 00:00:00+00:00,2.894354919678559
2023-04-27 00:00:00+00:00,2.769354122643067
2023-04-28 00:00:00+00:00,2.9082147907715403
2023-04-29 00:00:00+00:00,2.7934416049027058
2023-04-30 00:00:00+00:00,2.6835335123973185
2023-05-01 00:00:00+00:00,2.580867033907098
2023-05-02 00:00:00+00:00,2.892169092703993
2023-05-03 00:00:00+00:00,2.8432520552068317
2023-05-04 00:00:00+00:00,2.74527304091931
2023-05-05 00:00:00+00:00,2.6518486195632036
2023-05-06 00:00:00+00:00,2.6494109824072662
2023-05-07 00:00:00+00:00,2.6873676374943143
2023-05-08 00:00:00+00:00,2.646926608712494
2023-05-09 00:00:00+00:00,2.7396301026040413
2023-05-10 00:00:00+00:00,2.632965563817648
2023-05-11 00:00:00+00:00,2.537206901632511
2023-05-12 00:00:00+00:00,2.5991915674171167
2023-05-13 00:00:00+00:00,2.522177758666625
2023-05-14 00:00:00+00:00,2.4381962681358944
2023-05-15 00:00:00+00:00,2.364107688438852
2023-05-16 00:00:00+00:00,2.30825744922748
2023-05-17 00:00:00+00:00,2.2592597692759573
2023-05-18 00:00:00+00:00,2.2388590253789022
2023-05-19 00:00:00+00:00,2.3330605582898363
2023-05-20 00:00:00+00:00,2.268645936111303
2023-05-21 00:00:00+00:00,2.221712018451262
2023-05-22 00:00:00+00:00,2.233810631124421
2023-05-23 00:00:00+00:00,2.1819372545939215
2023-05-24 00:00:00+00:00,2.172291980497845
2023-05-25 00:00:00+00:00,2.451900130051671
2023-05-26 00:00:00+00:00,2.3765344738429
2023-05-27 00:00:00+00:00,2.318108941825782
2023-05-28 00:00:00+00:00,2.2584500211886342
2023-05-29 00:00:00+00:00,2.6336977900201517
2023-05-30 00:00:00+00:00,2.5804066866101
2023-05-31 00:00:00+00:00,2.4911612024317433
2023-06-01 00:00:00+00:00,2.503094707970786
2023-06-02 00:00:00+00:00,2.486444703811019
2023-06-03 00:00:00+00:00,2.449243148180186
2023-06-04 00:00:00+00:00,2.389587580207965
2023-06-05 00:00:00+00:00,2.318650172556661
2023-06-06 00:00:00+00:00,2.937608136260711
2023-06-07 00:00:00+00:00,3.377879680776382
2023-06-08 00:00:00+00:00,3.4284584000623535
2023-06-09 00:00:00+00:00,3.2529110895958064
2023-06-10 00:00:00+00:00,3.0930988176609775
2023-06-11 00:00:00+00:00,3.085158550837147
2023-06-12 00:00:00+00:00,2.9403800045882895
2023-06-13 00:00:00+00:00,2.8117461225837834
2023-06-14 00:00:00+00:00,2.694779339740963
2023-06-15 00:00:00+00:00,2.8380534181265253
2023-06-16 00:00:00+00:00,2.775873896951505
2023-06-17 00:00:00+00:00,2.815283025670625
2023-06-18 00:00:00+00:00,2.701856891418846
2023-06-19 00:00:00+00:00,2.614090335541395
2023-06-20 00:00:00+00:00,2.583552517868051
2023-06-21 00:00:00+00:00,3.0457447551668007
2023-06-22 00:00:00+00:00,3.480095874587209
2023-06-23 00:00:00+00:00,3.3029890161894397
2023-06-24 00:00:00+00:00,3.246935301034514
2023-06-25 00:00:00+00:00,3.096596103935359
2023-06-26 00:00:00+00:00,2.954120678785496
2023-06-27 00:00:00+00:00,2.8376361142032733
2023-06-28 00:00:00+00:00,2.7477442056685053
2023-06-29 00:00:00+00:00,2.747664601663143
2023-06-30 00:00:00+00:00,2.6598413082947037
2023-07-01 00:00:00+00:00,2.5591636455562536
2023-07-02 00:00:00+00:00,2.4696350475802147
2023-07-03 00:00:00+00:00,2.389830192448462
2023-07-04 00:00:00+00:00,2.377834169524638
2023-07-05 00:00:00+00:00,2.3633444971650692
2023-07-06 00:00:00+00:00,2.3247606490332684
2023-07-07 00:00:00+00:00,2.388456745326204
2023-07-08 00:00:00+00:00,2.358818976169859
2023-07-09 00:00:00+00:00,2.295822629386966
2023-07-10 00:00:00+00:00,2.2461586723378155
2023-07-11 00:00:00+00:00,2.2021835762059285
2023-07-12 00:00:00+00:00,2.1596064875774115
2023-07-13 00:00:00+00:00,2.144451991658903
2023-07-14 00:00:00+00:00,2.3832944194502104
2023-07-15 00:00:00+00:00,2.6768988909255627
2023-07-16 00:00:00+00:00,2.5759022616548504
2023-07-17 00:00:00+00:00,2.4878673407407175
2023-07-18 00:00:00+00:00,2.41252307464339
2023-07-19 00:00:00+00:00,2.371896117684355
2023-07-20 00:00:00+00:00,2.3030112388261905
2023-07-21 00:00:00+00:00,2.2510613729623974
2023-07-22 00:00:00+00:00,2.196807398196925
2023-07-23 00:00:00+00:00,2.1578733719491634
2023-07-24 00:00:00+00:00,2.1303606659125034
2023-07-25 00:00:00+00:00,2.3755546874039757
2023-07-26 00:00:00+00:00,2.3062196613799517
2023-07-27 00:00:00+00:00,2.24606546027718
2023-07-28 00:00:00+00:00,2.203628276654375
2023-07-29 00:00:00+00:00,2.154959960861966
2023-07-30 00:00:00+00:00,2.1122309571898232
2023-07-31 00:00:00+00:00,2.0807103758543626
2023-08-01 00:00:00+00:00,2.051370208848859
2023-08-02 00:00:00+00:00,2.077527964598995
2023-08-03 00:00:00+00:00,2.15516033145954
2023-08-04 00:00:00+00:00,2.1132196575916242
2023-08-05 00:00:00+00:00,2.0823358384941026
2023-08-06 00:00:00+00:00,2.052291238286332
2023-08-07 00:00:00+00:00,2.0231082834686767
2023-08-08 00:00:00+00:00,1.998204611831546
2023-08-09 00:00:00+00:00,2.0582961521611094
2023-08-10 00:00:00+00:00,2.048633955742912
2023-08-11 00:00:00+00:00,2.0312899448738695
2023-08-12 00:00:00+00:00,2.007043926551608
2023-08-13 00:00:00+00:00,1.9842166370592218
2023-08-14 00:00:00+00:00,1.9757394681604286
2023-08-15 00:00:00+00:00,1.9572533028258672
2023-08-16 00:00:00+00:00,1.9703342283415675
2023-08-17 00:00:00+00:00,2.0510206697205455
2023-08-18 00:00:00+00:00,3.369535762296954
2023-08-19 00:00:00+00:00,3.2999651101226477
2023-08-20 00:00:00+00:00,3.133978697363746
2023-08-21 00:00:00+00:00,2.984451576817213
2023-08-22 00:00:00+00:00,2.853858629653138
2023-08-23 00:00:00+00:00,2.7374316976674447
2023-08-24 00:00:00+00:00,2.6613492598684854
2023-08-25 00:00:00+00:00,2.5919135564050326
2023-08-26 00:00:00+00:00,2.5089900233050595
2023-08-27 00:00:00+00:00,2.4279613978419334
2023-08-28 00:00:00+00:00,2.3528576653416917
2023-08-29 00:00:00+00:00,2.286680336114745
2023-08-30 00:00:00+00:00,2.972137830132155
2023-08-31 00:00:00+00:00,2.9002029311144533
2023-09-01 00:00:00+00:00,3.3242842457996424
2023-09-02 00:00:00+00:00,3.166209267514613
2023-09-03 00:00:00+00:00,3.013208503398047
2023-09-04 00:00:00+00:00,2.8760183382629645
2023-09-05 00:00:00+00:00,2.7650988727635504
2023-09-06 00:00:00+00:00,2.6554791927402777
2023-09-07 00:00:00+00:00,2.5575403302558453
2023-09-08 00:00:00+00:00,2.535039561290778
2023-09-09 00:00:00+00:00,2.5040917704926855
2023-09-10 00:00:00+00:00,2.4216233300843704
2023-09-11 00:00:00+00:00,2.3520081859521174
2023-09-12 00:00:00+00:00,2.490959189904121
2023-09-13 00:00:00+00:00,2.5507927309829093
2023-09-14 00:00:00+00:00,2.498980267164743
2023-09-15 00:00:00+00:00,2.436413695360138
2023-09-16 00:00:00+00:00,2.3601938195974745
2023-09-17 00:00:00+00:00,2.296098961917716
2023-09-18 00:00:00+00:00,2.2390531548151817
2023-09-19 00:00:00+00:00,2.1978138388326847
2023-09-20 00:00:00+00:00,2.2062519956493727
2023-09-21 00:00:00+00:00,2.1647031707879583
2023-09-22 00:00:00+00:00,2.2623732852857437
2023-09-23 00:00:00+00:00,2.2071218886485373
2023-09-24 00:00:00+00:00,2.1592458413831235
2023-09-25 00:00:00+00:00,2.1743468101860786
2023-09-26 00:00:00+00:00,2.129020134217918
2023-09-27 00:00:00+00:00,2.097356132846616
2023-09-28 00:00:00+00:00,2.0653691834136336
2023-09-29 00:00:00+00:00,2.1716952485019188
2023-09-30 00:00:00+00:00,2.138086152760944
2023-10-01 00:00:00+00:00,2.0972652600676094
2023-10-02 00:00:00+00:00,2.3934987207612295
2023-10-03 00:00:00+00:00,2.423046106471333
2023-10-04 00:00:00+00:00,2.353630297073992
2023-10-05 00:00:00+00:00,2.3157133797156386
2023-10-06 00:00:00+00:00,2.315651174155161
2023-10-07 00:00:00+00:00,2.325089446383244
2023-10-08 00:00:00+00:00,2.2620162013063183
2023-10-09 00:00:00+00:00,2.209461094015661
2023-10-10 00:00:00+00:00,2.212474773521299
2023-10-11 00:00:00+00:00,2.1867208619137437
2023-10-12 00:00:00+00:00,2.2600400292026195
2023-10-13 00:00:00+00:00,2.215546138974136
2023-10-14 00:00:00+00:00,2.1659224833446657
2023-10-15 00:00:00+00:00,2.123400980376154
2023-10-16 00:00:00+00:00,2.1073705210422244
2023-10-17 00:00:00+00:00,2.6114667792869035
2023-10-18 00:00:00+00:00,2.523644674677138
2023-10-19 00:00:00+00:00,2.443139056024888
2023-10-20 00:00:00+00:00,2.3997315520268345
2023-10-21 00:00:00+00:00,2.5543406108047266
2023-10-22 00:00:00+00:00,2.4731672622303273
2023-10-23 00:00:00+00:00,2.3927294271885797
2023-10-24 00:00:00+00:00,4.02465337379602
2023-10-25 00:00:00+00:00,3.875657700159459
2023-10-26 00:00:00+00:00,3.6905017412959
2023-10-27 00:00:00+00:00,3.512974891522884
2023-10-28 00:00:00+00:00,3.3437724085029976
2023-10-29 00:00:00+00:00,3.1757117202924854
2023-10-30 00:00:00+00:00,3.0445763906634005
2023-10-31 00:00:00+00:00,2.906305398150484
2023-11-01 00:00:00+00:00,2.7807824750024426
2023-11-02 00:00:00+00:00,2.755568715192478
2023-11-03 00:00:00+00:00,2.699594888695534
2023-11-04 00:00:00+00:00,2.611119021395262
2023-11-05 00:00:00+00:00,2.5293581360262576
2023-11-06 00:00:00+00:00,2.445666118643117
2023-11-07 00:00:00+00:00,2.368602679659197
2023-11-08 00:00:00+00:00,2.3159081049179377
2023-11-09 00:00:00+00:00,2.2581272613665235
2023-11-10 00:00:00+00:00,2.398822318877107
2023-11-11 00:00:00+00:00,2.3766341647364357
2023-11-12 00:00:00+00:00,2.3188821562263575
2023-11-13 00:00:00+00:00,2.260196357997842
2023-11-14 00:00:00+00:00,2.294672211371701
2023-11-15 00:00:00+00:00,2.426729265931259
2023-11-16 00:00:00+00:00,3.1458468428692337
2023-11-17 00:00:00+00:00,3.4195783413357885
2023-11-18 00:00:00+00:00,3.2611646778322365
2023-11-19 00:00:00+00:00,3.1011165192054735
2023-11-20 00:00:00+00:00,3.0279737248884233
2023-11-21 00:00:00+00:00,2.8886697388015614
2023-11-22 00:00:00+00:00,3.2342097926582802
2023-11-23 00:00:00+00:00,3.4184817388458493
2023-11-24 00:00:00+00:00,3.2461154852734246
2023-11-25 00:00:00+00:00,3.1008820720754975
2023-11-26 00:00:00+00:00,2.9543294137917666
2023-11-27 00:00:00+00:00,2.847817062964183
2023-11-28 00:00:00+00:00,2.739518294657896
2023-11-29 00:00:00+00:00,2.6688188436483773
2023-11-30 00:00:00+00:00,2.5670935654440323
2023-12-01 00:00:00+00:00,2.483636855520087
2023-12-02 00:00:00+00:00,2.5282983627580617
2023-12-03 00:00:00+00:00,2.5147578293298367
2023-12-04 00:00:00+00:00,2.4587981713185014
2023-12-05 00:00:00+00:00,2.8798152256099168
2023-12-06 00:00:00+00:00,3.1820982832603746
2023-12-07 00:00:00+00:00,3.044150596501243
2023-12-08 00:00:00+00:00,2.9396731137437864
2023-12-09 00:00:00+00:00,2.879604627170522
2023-12-10 00:00:00+00:00,2.7891194406332787
2023-12-11 00:00:00+00:00,2.6743220548095037
2023-12-12 00:00:00+00:00,3.3378088819249667
2023-12-13 00:00:00+00:00,3.1706057580238833
2023-12-14 00:00:00+00:00,3.1943363776108455
2023-12-15 00:00:00+00:00,3.03894674552678
2023-12-16 00:00:00+00:00,3.0505574168687946
2023-12-17 00:00:00+00:00,2.915968519424777
2023-12-18 00:00:00+00:00,2.9054531111107864
2023-12-19 00:00:00+00:00,2.945281897402267
2023-12-20 00:00:00+00:00,2.8403691365724657
2023-12-21 00:00:00+00:00,2.91273376227759
2023-12-22 00:00:00+00:00,2.7861680503134187
2023-12-23 00:00:00+00:00,2.671657866454411
2023-12-24 00:00:00+00:00,2.5849229586028826
2023-12-25 00:00:00+00:00,2.57250140022933
2023-12-26 00:00:00+00:00,2.511465869134546
2023-12-27 00:00:00+00:00,2.5979472570723012
2023-12-28 00:00:00+00:00,2.5897567794776424
2023-12-29 00:00:00+00:00,2.6114107676013822
2023-12-30 00:00:00+00:00,2.560654060441484
2023-12-31 00:00:00+00:00,2.4704107674793345
2024-01-01 00:00:00+00:00,2.390572807331387
2024-01-02 00:00:00+00:00,2.7276853806401
2024-01-03 00:00:00+00:00,2.670127636326754
2024-01-04 00:00:00+00:00,3.092166668404048
2024-01-05 00:00:00+00:00,3.0986003061047267
2024-01-06 00:00:00+00:00,2.953301479518901
2024-01-07 00:00:00+00:00,2.829512228908493
2024-01-08 00:00:00+00:00,2.7124950804659895
2024-01-09 00:00:00+00:00,3.4203326750380274
2024-01-10 00:00:00+00:00,3.316776825271788
2024-01-11 00:00:00+00:00,3.1663207443509065
2024-01-12 00:00:00+00:00,3.0289248199603374
2024-01-13 00:00:00+00:00,4.039482185226775
2024-01-14 00:00:00+00:00,3.8053559569795956
2024-01-15 00:00:00+00:00,3.7240941407319337
2024-01-16 00:00:00+00:00,3.5629360113905015
2024-01-17 00:00:00+00:00,3.3992836708970833
2024-01-18 00:00:00+00:00,3.244289389032646
2024-01-19 00:00:00+00:00,3.3311853431438854
2024-01-20 00:00:00+00:00,3.168532772114265
2024-01-21 00:00:00+00:00,3.015599716401254
2024-01-22 00:00:00+00:00,2.8825446565047037
2024-01-23 00:00:00+00:00,3.283460283591292
2024-01-24 00:00:00+00:00,3.1261744366799094
2024-01-25 00:00:00+00:00,2.9783575845530086
2024-01-26 00:00:00+00:00,2.8497817290848504
2024-01-27 00:00:00+00:00,3.1106295019758594
2024-01-28 00:00:00+00:00,2.9679159858980513
2024-01-29 00:00:00+00:00,2.838497145283131
2024-01-30 00:00:00+00:00,2.880235592283528
2024-01-31 00:00:00+00:00,2.7797304749583236
2024-02-01 00:00:00+00:00,2.690748609461894
2024-02-02 00:00:00+00:00,2.6072762059891827
2024-02-03 00:00:00+00:00,2.5119489163397875
2024-02-04 00:00:00+00:00,2.4374926247144333
2024-02-05 00:00:00+00:00,2.3978510759024623
2024-02-06 00:00:00+00:00,2.326065733970723
2024-02-07 00:00:00+00:00,2.2750333813238117
2024-02-08 00:00:00+00:00,2.3970283884733825
2024-02-09 00:00:00+00:00,2.4134731650804686
2024-02-10 00:00:00+00:00,2.6763374746939474
2024-02-11 00:00:00+00:00,2.6005359026225703
2024-02-12 00:00:00+00:00,2.5261020028942998
2024-02-13 00:00:00+00:00,2.659686416165058
2024-02-14 00:00:00+00:00,2.568456963321763
2024-02-15 00:00:00+00:00,2.819920428992637
2024-02-16 00:00:00+00:00,2.701924251377392
2024-02-17 00:00:00+00:00,2.597776181938878
2024-02-18 00:00:00+00:00,2.534188882590629
2024-02-19 00:00:00+00:00,2.4599834101531273
2024-02-20 00:00:00+00:00,2.4016628343080377
2024-02-21 00:00:00+00:00,2.3422322618022697
2024-02-22 00:00:00+00:00,2.302742327045159
2024-02-23 00:00:00+00:00,2.286371391714764
2024-02-24 00:00:00+00:00,2.270812742120545
2024-02-25 00:00:00+00:00,2.2652371785657492
2024-02-26 00:00:00+00:00,2.2091036464305605
2024-02-27 00:00:00+00:00,2.752669444369858
2024-02-28 00:00:00+00:00,3.0411810892673743
2024-02-29 00:00:00+00:00,4.199022961061756
2024-03-01 00:00:00+00:00,4.030776941903379
2024-03-02 00:00:00+00:00,3.848643330260339
2024-03-03 00:00:00+00:00,3.643602701719843
2024-03-04 00:00:00+00:00,3.4881753373492828
2024-03-05 00:00:00+00:00,4.214631067174577
2024-03-06 00:00:00+00:00,4.652396838696542
2024-03-07 00:00:00+00:00,4.519590838087124
2024-03-08 00:00:00+00:00,4.255081211248225
2024-03-09 00:00:00+00:00,4.045059489413733
2024-03-10 00:00:00+00:00,3.810433105739936
2024-03-11 00:00:00+00:00,3.6053379658765903
2024-03-12 00:00:00+00:00,3.705890216919899
2024-03-13 00:00:00+00:00,3.5217733175162995
2024-03-14 00:00:00+00:00,3.4068866280738246
2024-03-15 00:00:00+00:00,3.347463392311815
2024-03-16 00:00:00+00:00,3.3297803740816247
2024-03-17 00:00:00+00:00,3.862270587204212
2024-03-18 00:00:00+00:00,3.9476576347297745
2024-03-19 00:00:00+00:00,3.751333565314235
2024-03-20 00:00:00+00:00,4.701566180618287
2024-03-21 00:00:00+00:00,5.367035541984367
2024-03-22 00:00:00+00:00,5.180958779758444
2024-03-23 00:00:00+00:00,4.947535616466929
2024-03-24 00:00:00+00:00,4.635253138264992
2024-03-25 00:00:00+00:00,4.639596675951529
2024-03-26 00:00:00+00:00,4.5337479745972615
2024-03-27 00:00:00+00:00,4.256496850900669
2024-03-28 00:00:00+00:00,4.016769677210463
2024-03-29 00:00:00+00:00,3.8271289932152954
2024-03-30 00:00:00+00:00,3.650605294737151
2024-03-31 00:00:00+00:00,3.457781071534733
2024-04-01 00:00:00+00:00,3.362687154129174
2024-04-02 00:00:00+00:00,3.3073193638039218
2024-04-03 00:00:00+00:00,3.8388631307198064
2024-04-04 00:00:00+00:00,3.6274907248495696
2024-04-05 00:00:00+00:00,3.640528087353524
2024-04-06 00:00:00+00:00,3.4669225264636374
2024-04-07 00:00:00+00:00,3.318065939872835
2024-04-08 00:00:00+00:00,3.1542145262560495
2024-04-09 00:00:00+00:00,3.1738351384506553
2024-04-10 00:00:00+00:00,3.281802099370749
2024-04-11 00:00:00+00:00,3.186027386816883
2024-04-12 00:00:00+00:00,3.054813235577436
2024-04-13 00:00:00+00:00,3.287980265089358
2024-04-14 00:00:00+00:00,3.580718462740061
2024-04-15 00:00:00+00:00,3.4928276645273804
2024-04-16 00:00:00+00:00,3.5438696169782267
2024-04-17 00:00:00+00:00,3.3571835733121196
2024-04-18 00:00:00+00:00,3.5040241700002595
2024-04-19 00:00:00+00:00,3.507605413766345
2024-04-20 00:00:00+00:00,3.3238293173142983
2024-04-21 00:00:00+00:00,3.1990345249209633
2024-04-22 00:00:00+00:00,3.043700152601238
2024-04-23 00:00:00+00:00,3.041203351555683
2024-04-24 00:00:00+00:00,2.9144105747729663
2024-04-25 00:00:00+00:00,3.031352929326749
2024-04-26 00:00:00+00:00,2.8919402468641064
2024-04-27 00:00:00+00:00,2.8052762211276208
2024-04-28 00:00:00+00:00,2.699526416253578
2024-04-29 00:00:00+00:00,2.60727224712045
2024-04-30 00:00:00+00:00,2.53356451678243
2024-05-01 00:00:00+00:00,3.061140642144133
2024-05-02 00:00:00+00:00,3.2406709146624846
2024-05-03 00:00:00+00:00,3.098381544634698
2024-05-04 00:00:00+00:00,3.613299559364248
2024-05-05 00:00:00+00:00,3.45045973698205
2024-05-06 00:00:00+00:00,3.2701215630600706
2024-05-07 00:00:00+00:00,3.15231853735619
2024-05-08 00:00:00+00:00,3.049281778158216
2024-05-09 00:00:00+00:00,2.990453577986888
2024-05-10 00:00:00+00:00,3.0144670960866593
2024-05-11 00:00:00+00:00,3.1725391828458434
2024-05-12 00:00:00+00:00,3.0194843346997473
2024-05-13 00:00:00+00:00,2.896188526189721
2024-05-14 00:00:00+00:00,2.8651417031627924
2024-05-15 00:00:00+00:00,2.86456667421076
2024-05-16 00:00:00+00:00,3.6573714490951574
2024-05-17 00:00:00+00:00,3.506540971668659
2024-05-18 00:00:00+00:00,3.4296485161068095
2024-05-19 00:00:00+00:00,3.2538698670804584
2024-05-20 00:00:00+00:00,3.1188072859145803
2024-05-21 00:00:00+00:00,3.890430299021895
2024-05-22 00:00:00+00:00,3.7367796837980713
2024-05-23 00:00:00+00:00,3.5739106498136084
2024-05-24 00:00:00+00:00,3.448735859520355
2024-05-25 00:00:00+00:00,3.27582714836275
2024-05-26 00:00:00+00:00,3.126136601757434
2024-05-27 00:00:00+00:00,3.0132214352672553
2024-05-28 00:00:00+00:00,2.9016028562190086
2024-05-29 00:00:00+00:00,2.8377054284005445
2024-05-30 00:00:00+00:00,2.755093152139888
2024-05-31 00:00:00+00:00,2.658604239747334
2024-06-01 00:00:00+00:00,2.603357030045644
2024-06-02 00:00:00+00:00,2.508721396169418
2024-06-03 00:00:00+00:00,2.4253609656001545
2024-06-04 00:00:00+00:00,2.393333650314535
2024-06-05 00:00:00+00:00,2.4492021072351666
2024-06-06 00:00:00+00:00,2.380039139180265
2024-06-07 00:00:00+00:00,2.3210043526267614
2024-06-08 00:00:00+00:00,2.390018826821816
2024-06-09 00:00:00+00:00,2.3209942030037976
2024-06-10 00:00:00+00:00,2.259909542389267
2024-06-11 00:00:00+00:00,2.2078754082645977
2024-06-12 00:00:00+00:00,2.466669664269164
2024-06-13 00:00:00+00:00,2.4214780490889587
2024-06-14 00:00:00+00:00,2.490750111059082
2024-06-15 00:00:00+00:00,2.45032866979002
2024-06-16 00:00:00+00:00,2.3724836460885483
2024-06-17 00:00:00+00:00,2.3088846863877666
2024-06-18 00:00:00+00:00,2.253257181058462
2024-06-19 00:00:00+00:00,2.328981694304562
2024-06-20 00:00:00+00:00,2.2722356601406726
2024-06-21 00:00:00+00:00,2.2188150236152335
2024-06-22 00:00:00+00:00,2.2167075918031025
2024-06-23 00:00:00+00:00,2.166217302384939
2024-06-24 00:00:00+00:00,2.2170215600330003
2024-06-25 00:00:00+00:00,2.75404091855859
2024-06-26 00:00:00+00:00,2.7551830991606217
2024-06-27 00:00:00+00:00,2.71167550729325
2024-06-28 00:00:00+00:00,2.635289597510351
2024-06-29 00:00:00+00:00,2.6585047440834297
2024-06-30 00:00:00+00:00,2.5690216637328502
2024-07-01 00:00:00+00:00,2.6426734610572926
2024-07-02 00:00:00+00:00,2.5434318590899387
2024-07-03 00:00:00+00:00,2.5045040118434083
2024-07-04 00:00:00+00:00,2.68346327430899
2024-07-05 00:00:00+00:00,3.2212960848964403
2024-07-06 00:00:00+00:00,3.0805538647256725
2024-07-07 00:00:00+00:00,3.0666037405714124
2024-07-08 00:00:00+00:00,3.288508764789544
2024-07-09 00:00:00+00:00,3.155788927743323
2024-07-10 00:00:00+00:00,3.0904402530588393
2024-07-11 00:00:00+00:00,2.9569792013520453
2024-07-12 00:00:00+00:00,2.841272517576797
2024-07-13 00:00:00+00:00,2.732804182509646
2024-07-14 00:00:00+00:00,2.7153441222172683
2024-07-15 00:00:00+00:00,2.7402356736055307
2024-07-16 00:00:00+00:00,3.3532609472023167
2024-07-17 00:00:00+00:00,3.183563201166325
2024-07-18 00:00:00+00:00,3.084622187250844
2024-07-19 00:00:00+00:00,2.9424443679109555
2024-07-20 00:00:00+00:00,3.112073715521208
2024-07-21 00:00:00+00:00,2.9694040486099436
2024-07-22 00:00:00+00:00,2.871059217212432
2024-07-23 00:00:00+00:00,2.7760366258486493
2024-07-24 00:00:00+00:00,2.8097786679534162
2024-07-25 00:00:00+00:00,2.717797597345244
2024-07-26 00:00:00+00:00,2.614692628375593
2024-07-27 00:00:00+00:00,2.713851989381841
2024-07-28 00:00:00+00:00,2.6081989491655206
2024-07-29 00:00:00+00:00,2.514864150335864
2024-07-30 00:00:00+00:00,2.5647140409441143
2024-07-31 00:00:00+00:00,2.5034878067025
2024-08-01 00:00:00+00:00,2.5798760632308104
2024-08-02 00:00:00+00:00,2.506738115638935
2024-08-03 00:00:00+00:00,3.2504562160859742
2024-08-04 00:00:00+00:00,3.1335477897433917
2024-08-05 00:00:00+00:00,3.359497209702827
2024-08-06 00:00:00+00:00,4.12458083343033
2024-08-07 00:00:00+00:00,4.057889095218519
2024-08-08 00:00:00+00:00,3.8726979330273874
2024-08-09 00:00:00+00:00,5.264532257046842
2024-08-10 00:00:00+00:00,4.956466303033022
2024-08-11 00:00:00+00:00,4.643411929979837
2024-08-12 00:00:00+00:00,4.560102588584012
2024-08-13 00:00:00+00:00,4.290718734642425
2024-08-14 00:00:00+00:00,4.084511914518016
2024-08-15 00:00:00+00:00,4.021272930775305
2024-08-16 00:00:00+00:00,3.862406424579865
2024-08-17 00:00:00+00:00,3.7134093891241524
2024-08-18 00:00:00+00:00,3.5201563388938575
2024-08-19 00:00:00+00:00,3.4051152360331334
2024-08-20 00:00:00+00:00,3.2700569465193787
2024-08-21 00:00:00+00:00,3.12347838769119
2024-08-22 00:00:00+00:00,3.1902809747037217
2024-08-23 00:00:00+00:00,3.078496918385394
2024-08-24 00:00:00+00:00,3.5241845930347093
2024-08-25 00:00:00+00:00,3.336921987155106
2024-08-26 00:00:00+00:00,3.167618682002008
2024-08-27 00:00:00+00:00,3.125391797668874
2024-08-28 00:00:00+00:00,3.5859604998244428
2024-08-29 00:00:00+00:00,3.405746922958787
2024-08-30 00:00:00+00:00,3.231639935932944
2024-08-31 00:00:00+00:00,3.079458719356357
2024-09-01 00:00:00+00:00,2.939458212607637
2024-09-02 00:00:00+00:00,3.0039654745317903
2024-09-03 00:00:00+00:00,3.0390467336198674
2024-09-04 00:00:00+00:00,3.0812569820493967
2024-09-05 00:00:00+00:00,2.9443910460682687
2024-09-06 00:00:00+00:00,3.041145695072157
2024-09-07 00:00:00+00:00,3.247301671126875
2024-09-08 00:00:00+00:00,3.0868038157927544
2024-09-09 00:00:00+00:00,2.9652184204190655
2024-09-10 00:00:00+00:00,3.100624641292273
2024-09-11 00:00:00+00:00,2.967518973050113
2024-09-12 00:00:00+00:00,2.845547145263739
2024-09-13 00:00:00+00:00,2.7539159835591778
2024-09-14 00:00:00+00:00,2.944591788562418
2024-09-15 00:00:00+00:00,2.83699847718538
2024-09-16 00:00:00+00:00,2.7766996943826485
2024-09-17 00:00:00+00:00,2.732776021582819
2024-09-18 00:00:00+00:00,2.862991731136273
2024-09-19 00:00:00+00:00,2.8389079727728004
2024-09-20 00:00:00+00:00,2.7803560241201812
2024-09-21 00:00:00+00:00,2.667200305737842
2024-09-22 00:00:00+00:00,2.565316172622756
2024-09-23 00:00:00+00:00,2.4750280162650653
2024-09-24 00:00:00+00:00,2.402952448702777
2024-09-25 00:00:00+00:00,2.368579793052407
2024-09-26 00:00:00+00:00,2.3968583664231287
2024-09-27 00:00:00+00:00,2.5350883116207354
2024-09-28 00:00:00+00:00,2.4592700413601687
2024-09-29 00:00:00+00:00,2.380481617590554
2024-09-30 00:00:00+00:00,2.3199195956577956
2024-10-01 00:00:00+00:00,2.5990990211439313
2024-10-02 00:00:00+00:00,2.905629844105606
2024-10-03 00:00:00+00:00,2.7834966822163985
2024-10-04 00:00:00+00:00,2.669295219804707
2024-10-05 00:00:00+00:00,2.653892416756391
2024-10-06 00:00:00+00:00,2.5550157186997824
2024-10-07 00:00:00+00:00,2.4894678977608695
2024-10-08 00:00:00+00:00,2.440507920795186
2024-10-09 00:00:00+00:00,2.366215177586299
2024-10-10 00:00:00+00:00,2.4786028418174055
2024-10-11 00:00:00+00:00,2.4105187092617135
2024-10-12 00:00:00+00:00,2.611838289595377
2024-10-13 00:00:00+00:00,2.532643154128551
2024-10-14 00:00:00+00:00,2.4590204834507237
2024-10-15 00:00:00+00:00,2.89136511465626
2024-10-16 00:00:00+00:00,2.8003112452849357
2024-10-17 00:00:00+00:00,2.6920913822513475
2024-10-18 00:00:00+00:00,2.593466129380299
2024-10-19 00:00:00+00:00,2.5372383659970397
2024-10-20 00:00:00+00:00,2.4515635796347333
2024-10-21 00:00:00+00:00,2.3869578504448574
2024-10-22 00:00:00+00:00,2.488358974404947
2024-10-23 00:00:00+00:00,2.406632299783285
2024-10-24 00:00:00+00:00,2.3791887897376958
2024-10-25 00:00:00+00:00,2.415032490692841
2024-10-26 00:00:00+00:00,2.4871807410382876
2024-10-27 00:00:00+00:00,2.4085119750659723
2024-10-28 00:00:00+00:00,2.369172838592535
2024-10-29 00:00:00+00:00,2.4680780581102604
2024-10-30 00:00:00+00:00,2.7020594083576612
2024-10-31 00:00:00+00:00,2.6094350133247985
2024-11-01 00:00:00+00:00,2.7301218506709457
2024-11-02 00:00:00+00:00,2.6626600380140193
2024-11-03 00:00:00+00:00,2.564783739390709
2024-11-04 00:00:00+00:00,2.501955630385255
2024-11-05 00:00:00+00:00,2.477946966040771
2024-11-06 00:00:00+00:00,2.4940033554364063
2024-11-07 00:00:00+00:00,3.7499271795634415
2024-11-08 00:00:00+00:00,3.5422391483781785
2024-11-09 00:00:00+00:00,3.3604959210076797
2024-11-10 00:00:00+00:00,3.1886797258687607
2024-11-11 00:00:00+00:00,3.4040180776518794
2024-11-12 00:00:00+00:00,4.616193909134595
2024-11-13 00:00:00+00:00,4.34560285228189
2024-11-14 00:00:00+00:00,4.174319673748863
2024-11-15 00:00:00+00:00,4.1240662392289265
2024-11-16 00:00:00+00:00,4.112511486375793
2024-11-17 00:00:00+00:00,3.879473631634233
2024-11-18 00:00:00+00:00,3.6766049963978795
2024-11-19 00:00:00+00:00,3.4787770219319194
2024-11-20 00:00:00+00:00,3.353791147062214
2024-11-21 00:00:00+00:00,3.2492318260994395
2024-11-22 00:00:00+00:00,3.3769169365777087
2024-11-23 00:00:00+00:00,3.2060251099441897
2024-11-24 00:00:00+00:00,3.0900667852441552
2024-11-25 00:00:00+00:00,2.9445632787105604
2024-11-26 00:00:00+00:00,3.360780874072082
2024-11-27 00:00:00+00:00,3.222398734923442
2024-11-28 00:00:00+00:00,3.3499134682984626
2024-11-29 00:00:00+00:00,3.1827922655836316
2024-11-30 00:00:00+00:00,3.0818919827755678
2024-12-01 00:00:00+00:00,2.971146576797058
2024-12-02 00:00:00+00:00,2.844742310928811
2024-12-03 00:00:00+00:00,2.7798384343623623
2024-12-04 00:00:00+00:00,2.6669222914225132
2024-12-05 00:00:00+00:00,2.7167026447845024
2024-12-06 00:00:00+00:00,2.6898087760655907
2024-12-07 00:00:00+00:00,2.7389806618406585
2024-12-08 00:00:00+00:00,2.629776483478393
2024-12-09 00:00:00+00:00,2.5578671220509026
2024-12-10 00:00:00+00:00,2.8395854870500514
2024-12-11 00:00:00+00:00,2.737899955738049
2024-12-12 00:00:00+00:00,3.028242026842491
2024-12-13 00:00:00+00:00,2.924967111633181
2024-12-14 00:00:00+00:00,2.8261137951820947
2024-12-15 00:00:00+00:00,2.7084729931036784
2024-12-16 00:00:00+00:00,2.767931331437302
2024-12-17 00:00:00+00:00,2.6926994627436596
2024-12-18 00:00:00+00:00,2.5885547168965655
2024-12-19 00:00:00+00:00,3.2313184333034366
2024-12-20 00:00:00+00:00,3.2398138478730543
2024-12-21 00:00:00+00:00,3.079965394950935
2024-12-22 00:00:00+00:00,2.946558106356248
2024-12-23 00:00:00+00:00,2.934541900118176
2024-12-24 00:00:00+00:00,2.8107515410051382
2024-12-25 00:00:00+00:00,2.97846135567444
2024-12-26 00:00:00+00:00,2.8505983573581055
2024-12-27 00:00:00+00:00,3.048218046674591
2024-12-28 00:00:00+00:00,2.9711918139797704
2024-12-29 00:00:00+00:00,2.8522887864384385
2024-12-30 00:00:00+00:00,2.805566045210746
2024-12-31 00:00:00+00:00,2.722153746704218
